Date,VVIX
03/06/2006,71.73
03/15/2006,15.71
03/16/2006,27.94
03/17/2006,28.6
03/20/2006,37.93
03/21/2006,37.35
04/11/2006,69.55
04/24/2006,63.42
04/25/2006,61.33
05/01/2006,61.96
05/22/2006,91.76
05/23/2006,88.66
05/24/2006,88.63
05/25/2006,82.64
05/26/2006,72.5
05/30/2006,82.14
05/31/2006,77.44
06/01/2006,74.08
06/02/2006,70.27
06/05/2006,77.38
06/06/2006,78.66
06/07/2006,73.86
06/08/2006,78.12
06/09/2006,79.87
06/12/2006,83.52
06/13/2006,93.2
06/14/2006,102.11
06/15/2006,99.13
06/16/2006,106.93
06/19/2006,102.56
06/20/2006,94.76
06/21/2006,92.4
06/22/2006,91.85
06/23/2006,86.81
06/26/2006,90.71
06/27/2006,95.12
06/28/2006,96.44
06/29/2006,96.63
06/30/2006,92.1
07/03/2006,89.13
07/05/2006,91.98
07/06/2006,92.88
07/07/2006,91.46
07/10/2006,93.52
07/11/2006,91.99
07/24/2006,99.61
07/25/2006,94.97
07/26/2006,89.23
07/27/2006,95.29
07/28/2006,93.16
07/31/2006,92.79
08/01/2006,92.67
08/02/2006,91.34
08/03/2006,89.24
08/04/2006,90.68
08/07/2006,89.58
08/08/2006,88.09
08/16/2006,57.01
08/21/2006,80.68
08/22/2006,78.75
08/23/2006,81.15
08/24/2006,79.7
08/25/2006,81.94
08/28/2006,79.47
08/29/2006,81.8
08/30/2006,80.77
08/31/2006,79.84
09/01/2006,77.19
09/05/2006,80.18
09/06/2006,82.96
09/07/2006,86.18
09/08/2006,83.7
09/11/2006,85.78
09/12/2006,80.99
09/13/2006,81.55
09/14/2006,81.93
09/15/2006,59.52
09/18/2006,80.97
09/19/2006,81.77
09/20/2006,80.83
09/21/2006,85.95
09/22/2006,85.74
09/25/2006,82.01
09/26/2006,81.59
09/27/2006,81.08
09/28/2006,84.74
09/29/2006,84.31
10/02/2006,85.46
10/03/2006,86.57
10/04/2006,82.5
10/05/2006,87.5
10/06/2006,85.63
10/09/2006,84.76
10/10/2006,83.62
10/11/2006,88.4
10/12/2006,86.87
10/13/2006,86.61
10/16/2006,82.29
10/17/2006,66.99
10/18/2006,79.1
10/19/2006,77.71
10/20/2006,78.6
10/23/2006,84.73
10/24/2006,87.39
10/25/2006,85.9
10/26/2006,81.6
10/27/2006,82.71
10/30/2006,80.16
10/31/2006,76.4
11/01/2006,78.89
11/02/2006,77.08
11/03/2006,75.19
11/06/2006,70.46
11/07/2006,67.5
11/08/2006,62.08
11/09/2006,60.42
11/10/2006,61.06
11/13/2006,36.14
11/14/2006,60.77
11/15/2006,58.58
11/16/2006,62.48
11/17/2006,64.3
11/20/2006,65.98
11/21/2006,65.3
11/22/2006,63.62
11/24/2006,66.48
11/27/2006,71.6
11/28/2006,66.56
11/29/2006,60.3
11/30/2006,61.39
12/01/2006,62.33
12/04/2006,62.11
12/05/2006,65.87
12/06/2006,66.49
12/07/2006,68.65
12/08/2006,71.34
12/11/2006,72.84
12/12/2006,74.78
12/13/2006,79.06
12/14/2006,82.57
12/15/2006,84.63
12/18/2006,84.26
12/19/2006,78.91
12/20/2006,84.68
12/21/2006,83.94
12/22/2006,83.41
12/26/2006,85.28
12/27/2006,83.01
12/28/2006,88.72
12/29/2006,88.16
01/03/2007,87.63
01/04/2007,88.19
01/05/2007,90.17
01/08/2007,92.04
01/09/2007,92.76
01/10/2007,93.78
01/11/2007,85.97
01/12/2007,85.18
01/16/2007,85.3
01/17/2007,84.93
01/18/2007,83.66
01/19/2007,82.49
01/22/2007,84.43
01/23/2007,81.48
01/24/2007,77.51
01/25/2007,80.45
01/26/2007,81.36
01/29/2007,81.68
01/30/2007,78.9
01/31/2007,77.28
02/01/2007,73.5
02/02/2007,72.44
02/05/2007,70.29
02/06/2007,68.55
02/07/2007,70.32
02/08/2007,73.18
02/09/2007,74.39
02/12/2007,79.12
02/13/2007,75.72
02/14/2007,74
02/15/2007,70.34
02/16/2007,70.74
02/20/2007,65.87
02/21/2007,67.37
02/22/2007,66.05
02/23/2007,70.71
02/26/2007,70.33
02/27/2007,110.42
02/28/2007,91.64
03/01/2007,99.47
03/02/2007,104.17
03/05/2007,101.2
03/06/2007,93.65
03/07/2007,94.41
03/08/2007,93.97
03/09/2007,91.82
03/12/2007,90.02
03/13/2007,94.53
03/14/2007,98.08
03/15/2007,99.55
03/16/2007,102.74
03/19/2007,93.9
03/20/2007,89.55
03/21/2007,94.13
03/22/2007,95.52
03/23/2007,96.37
03/26/2007,95.95
03/27/2007,101
03/28/2007,104.79
03/29/2007,102.31
03/30/2007,99.78
04/02/2007,98.92
04/03/2007,94.98
04/04/2007,96.12
04/05/2007,93.6
04/09/2007,92.3
04/10/2007,87.37
04/11/2007,93.47
04/12/2007,91.38
04/13/2007,88.71
04/16/2007,83.98
04/17/2007,83.68
04/18/2007,80.59
04/19/2007,77.91
04/20/2007,79.18
04/23/2007,79.33
04/24/2007,77.83
04/25/2007,80.79
04/26/2007,81.67
04/27/2007,80.66
04/30/2007,85.33
05/01/2007,81.28
05/02/2007,82.59
05/03/2007,78.81
05/04/2007,77.1
05/07/2007,78.51
05/08/2007,79.9
05/09/2007,85.89
05/10/2007,83.58
05/11/2007,79.47
05/14/2007,82.02
05/15/2007,76.68
05/16/2007,70.26
05/17/2007,72.94
05/18/2007,75.43
05/21/2007,71.82
05/22/2007,72.36
05/23/2007,71.44
05/24/2007,74.36
05/25/2007,72.42
05/29/2007,72.48
05/30/2007,71.61
05/31/2007,72.2
06/01/2007,70.19
06/04/2007,70.74
06/05/2007,69.24
06/06/2007,72.06
06/07/2007,75.83
06/08/2007,70.69
06/11/2007,68.73
06/12/2007,69.48
06/13/2007,68.81
06/14/2007,63.52
06/15/2007,64.03
06/18/2007,66.76
06/19/2007,67.24
06/20/2007,76.8
06/21/2007,74.76
06/22/2007,78.35
06/25/2007,78.07
06/26/2007,82.01
06/27/2007,78.48
06/28/2007,76.04
06/29/2007,76.94
07/02/2007,75.56
07/03/2007,74.63
07/05/2007,75.86
07/06/2007,74.85
07/09/2007,73.05
07/10/2007,79.99
07/11/2007,81.55
07/12/2007,76.6
07/13/2007,76.65
07/16/2007,72.56
07/17/2007,72.41
07/18/2007,73.57
07/19/2007,72.02
07/20/2007,73.76
07/23/2007,74.56
07/24/2007,79.32
07/25/2007,75.31
07/26/2007,87.38
07/27/2007,97.23
07/30/2007,97.45
07/31/2007,104.08
08/01/2007,108.86
08/02/2007,100.8
08/03/2007,104.05
08/06/2007,95.22
08/07/2007,85.96
08/08/2007,82.52
08/09/2007,99.87
08/10/2007,108.91
08/13/2007,108.57
08/14/2007,114.96
08/15/2007,121.67
08/16/2007,142.99
08/17/2007,133.87
08/20/2007,125.04
08/21/2007,122.6
08/22/2007,117.47
08/23/2007,117.42
08/24/2007,111.95
08/27/2007,115.24
08/28/2007,119.79
08/29/2007,113.22
08/30/2007,112.66
08/31/2007,109.27
09/04/2007,104.87
09/05/2007,107.91
09/06/2007,106.6
09/07/2007,108.22
09/10/2007,107.07
09/11/2007,103.75
09/12/2007,106.95
09/13/2007,104.63
09/14/2007,104.39
09/17/2007,102.22
09/18/2007,92.33
09/19/2007,97.7
09/20/2007,97.38
09/21/2007,98.14
09/24/2007,94.27
09/25/2007,94.33
09/26/2007,89.49
09/27/2007,87.57
09/28/2007,87.13
10/01/2007,84.48
10/02/2007,88.74
10/03/2007,87.65
10/04/2007,89.38
10/05/2007,83.91
10/08/2007,84.96
10/09/2007,79.93
10/10/2007,87.46
10/11/2007,95.78
10/12/2007,90.63
10/15/2007,86.18
10/16/2007,91.47
10/17/2007,89.48
10/18/2007,83.37
10/19/2007,91.56
10/22/2007,88.17
10/23/2007,86.42
10/24/2007,89.14
10/25/2007,90.82
10/26/2007,95.36
10/29/2007,95.01
10/30/2007,100.37
10/31/2007,93.62
11/01/2007,97.53
11/02/2007,97.46
11/05/2007,97.29
11/06/2007,92.7
11/07/2007,98.17
11/08/2007,97.36
11/09/2007,97.86
11/12/2007,98.09
11/13/2007,92.58
11/14/2007,94.39
11/15/2007,92.96
11/16/2007,92.8
11/19/2007,91.13
11/20/2007,91.34
11/21/2007,94.49
11/23/2007,89.62
11/26/2007,91.55
11/27/2007,90.7
11/28/2007,91.62
11/29/2007,91.08
11/30/2007,88.88
12/03/2007,87.45
12/04/2007,86.85
12/05/2007,83.08
12/06/2007,81.51
12/07/2007,82.47
12/10/2007,81.5
12/11/2007,82.58
12/12/2007,89.41
12/13/2007,88.19
12/14/2007,85.82
12/17/2007,85.38
12/18/2007,80.83
12/19/2007,83.47
12/20/2007,79.44
12/21/2007,82.87
12/24/2007,79.85
12/26/2007,80.79
12/27/2007,84.36
12/28/2007,84.03
12/31/2007,82.19
01/02/2008,80.58
01/03/2008,79.33
01/04/2008,81.46
01/07/2008,79.51
01/08/2008,79.59
01/09/2008,89.37
01/10/2008,84.98
01/11/2008,84.66
01/14/2008,86.96
01/15/2008,81.13
01/16/2008,80.51
01/17/2008,84.99
01/18/2008,77.24
01/22/2008,86.58
01/23/2008,82.68
01/24/2008,81.31
01/25/2008,79
01/28/2008,76.43
01/29/2008,77.46
01/30/2008,76.41
01/31/2008,75.21
02/01/2008,73.94
02/04/2008,73.9
02/05/2008,75.06
02/06/2008,74.63
02/07/2008,72
02/08/2008,72.6
02/11/2008,71.41
02/12/2008,72.52
02/13/2008,71.44
02/14/2008,69.23
02/15/2008,74.72
02/19/2008,69.6
02/20/2008,71.29
02/21/2008,69.65
02/22/2008,65.47
02/25/2008,68.92
02/26/2008,68.59
02/27/2008,67.56
02/28/2008,66.61
02/29/2008,69.81
03/03/2008,71.02
03/04/2008,69.95
03/05/2008,68.51
03/06/2008,74.53
03/07/2008,76.02
03/10/2008,77.45
03/11/2008,73.76
03/12/2008,73.94
03/13/2008,75.56
03/14/2008,80.99
03/17/2008,80.71
03/18/2008,72.97
03/19/2008,70.5
03/20/2008,66.97
03/24/2008,68.82
03/25/2008,68.65
03/26/2008,69.56
03/27/2008,69
03/28/2008,68.79
03/31/2008,67.64
04/01/2008,66.96
04/02/2008,67.61
04/03/2008,66.11
04/04/2008,64.56
04/07/2008,67.4
04/08/2008,67.3
04/09/2008,75.24
04/10/2008,75.47
04/11/2008,74.74
04/14/2008,72.39
04/15/2008,68.15
04/16/2008,66.36
04/17/2008,65.09
04/18/2008,62.09
04/21/2008,63.43
04/22/2008,62.84
04/23/2008,59.74
04/24/2008,62.75
04/25/2008,65.99
04/28/2008,66.48
04/29/2008,65.42
04/30/2008,64.69
05/01/2008,63.06
05/02/2008,63.68
05/05/2008,70.1
05/06/2008,69.04
05/07/2008,72.82
05/08/2008,73.45
05/09/2008,73.79
05/12/2008,72
05/13/2008,68.62
05/14/2008,71.18
05/15/2008,71.16
05/16/2008,75.77
05/19/2008,76.63
05/20/2008,79.8
05/21/2008,80.12
05/22/2008,83.62
05/23/2008,79.63
05/27/2008,79.35
05/28/2008,77.7
05/29/2008,74.2
05/30/2008,73.46
06/02/2008,78.6
06/03/2008,79.72
06/04/2008,81.04
06/05/2008,79.35
06/06/2008,88.78
06/09/2008,92.23
06/10/2008,91.98
06/11/2008,93.87
06/12/2008,92.41
06/13/2008,86.91
06/16/2008,84.17
06/17/2008,80.89
06/18/2008,81.56
06/19/2008,77.91
06/20/2008,78.35
06/23/2008,78.37
06/24/2008,77.41
06/25/2008,76.01
06/26/2008,79.87
06/27/2008,79.54
06/30/2008,79.66
07/01/2008,79.44
07/02/2008,79.19
07/03/2008,76.44
07/07/2008,75.43
07/08/2008,76.03
07/09/2008,81.69
07/10/2008,79.94
07/11/2008,77.18
07/14/2008,78.83
07/15/2008,73.07
07/16/2008,73.22
07/17/2008,72.46
07/18/2008,70.29
07/21/2008,71.6
07/22/2008,68.39
07/23/2008,67.25
07/24/2008,74.9
07/25/2008,73.7
07/28/2008,74.9
07/29/2008,71.03
07/30/2008,67.21
07/31/2008,72.95
08/01/2008,72.73
08/04/2008,73.17
08/05/2008,70.28
08/06/2008,71.6
08/07/2008,73.11
08/08/2008,73.05
08/11/2008,75.59
08/12/2008,72.4
08/13/2008,79.41
08/14/2008,74.37
08/15/2008,74.1
08/18/2008,72.85
08/19/2008,77.5
08/20/2008,73.42
08/21/2008,73.75
08/22/2008,73.56
08/25/2008,77.03
08/26/2008,73.14
08/27/2008,72
08/28/2008,68.05
08/29/2008,68.07
09/02/2008,69.65
09/03/2008,69.93
09/04/2008,72.38
09/05/2008,70.39
09/08/2008,67.94
09/09/2008,70.68
09/10/2008,70.63
09/11/2008,71.03
09/12/2008,70.26
09/15/2008,79.37
09/16/2008,74.38
09/17/2008,93.04
09/18/2008,89.33
09/19/2008,79.37
09/22/2008,83.92
09/23/2008,84.77
09/24/2008,86.66
09/25/2008,82.96
09/26/2008,87.81
09/29/2008,99.86
09/30/2008,92.23
10/01/2008,89.76
10/02/2008,95.29
10/03/2008,94.68
10/06/2008,104.82
10/07/2008,106.47
10/08/2008,104.99
10/09/2008,108.05
10/10/2008,116
10/13/2008,110.07
10/14/2008,105.64
10/15/2008,114.93
10/16/2008,119.48
10/17/2008,117.45
10/20/2008,115.98
10/21/2008,114.28
10/22/2008,123.31
10/23/2008,121.61
10/24/2008,128.09
10/27/2008,134.87
10/28/2008,127.46
10/29/2008,124.73
10/30/2008,121.52
10/31/2008,116.94
11/03/2008,116.19
11/04/2008,116.29
11/05/2008,117.03
11/06/2008,125
11/07/2008,116.37
11/10/2008,116.53
11/11/2008,114.11
11/12/2008,123.26
11/13/2008,117.12
11/14/2008,118.34
11/17/2008,115.1
11/18/2008,106.9
11/19/2008,102.48
11/20/2008,106.71
11/21/2008,99.48
11/24/2008,92.31
11/25/2008,90.28
11/26/2008,89.32
11/28/2008,88.41
12/01/2008,90.49
12/02/2008,87.08
12/03/2008,84.72
12/04/2008,83.94
12/05/2008,82.9
12/08/2008,82.1
12/09/2008,80.75
12/10/2008,86.46
12/11/2008,88.68
12/12/2008,86.27
12/15/2008,82.03
12/16/2008,79.99
12/17/2008,75.17
12/18/2008,81.26
12/19/2008,87.69
12/22/2008,87.04
12/23/2008,86.39
12/24/2008,85.1
12/26/2008,83.74
12/29/2008,83.96
12/30/2008,80.89
12/31/2008,85.6
01/02/2009,84.41
01/05/2009,90.89
01/06/2009,90.33
01/07/2009,93.99
01/08/2009,93.14
01/09/2009,91.52
01/12/2009,93.26
01/13/2009,92.5
01/14/2009,99.88
01/15/2009,96.44
01/16/2009,98.79
01/20/2009,104.02
01/21/2009,100.81
01/22/2009,98.87
01/23/2009,95.7
01/26/2009,96.17
01/27/2009,95.48
01/28/2009,98.22
01/29/2009,98.98
01/30/2009,98.72
02/02/2009,96.48
02/03/2009,92.25
02/04/2009,91.57
02/05/2009,92.26
02/06/2009,94.01
02/09/2009,94.38
02/10/2009,95.98
02/11/2009,94.67
02/12/2009,91.04
02/13/2009,91.93
02/17/2009,95.07
02/18/2009,89.11
02/19/2009,88.27
02/20/2009,90.66
02/23/2009,93.02
02/24/2009,89.13
02/25/2009,88.93
02/26/2009,89.37
02/27/2009,91.08
03/02/2009,93.86
03/03/2009,90.75
03/04/2009,85.6
03/05/2009,89.88
03/06/2009,88.26
03/09/2009,90.09
03/10/2009,85.36
03/11/2009,85.35
03/12/2009,81.81
03/13/2009,78.13
03/16/2009,80.07
03/17/2009,75.21
03/18/2009,74.8
03/19/2009,73.56
03/20/2009,73.11
03/23/2009,71.39
03/24/2009,70.16
03/25/2009,71.76
03/26/2009,70.97
03/27/2009,71.68
03/30/2009,74.68
03/31/2009,72.71
04/01/2009,70.39
04/02/2009,69.61
04/03/2009,67.86
04/06/2009,68.26
04/07/2009,66.39
04/08/2009,68.72
04/09/2009,65.22
04/13/2009,67.51
04/14/2009,65.79
04/15/2009,64.95
04/16/2009,69.72
04/17/2009,68.92
04/20/2009,75.48
04/21/2009,75.48
04/22/2009,75.52
04/23/2009,72.81
04/24/2009,72.04
04/27/2009,74.16
04/28/2009,74.22
04/29/2009,72.12
04/30/2009,71.42
05/01/2009,69.82
05/04/2009,70.36
05/05/2009,70.77
05/06/2009,71.15
05/07/2009,72.79
05/08/2009,74.66
05/11/2009,76.86
05/12/2009,77.53
05/13/2009,81.87
05/14/2009,79.38
05/15/2009,80.29
05/18/2009,76.41
05/19/2009,74.4
05/20/2009,77.45
05/21/2009,84.69
05/22/2009,87.28
05/26/2009,91.23
05/27/2009,90.86
05/28/2009,88.19
05/29/2009,83.91
06/01/2009,84.23
06/02/2009,83.82
06/03/2009,84.89
06/04/2009,81.26
06/05/2009,82.11
06/08/2009,82.69
06/09/2009,81.64
06/10/2009,86.92
06/11/2009,85.22
06/12/2009,85.43
06/15/2009,85.05
06/16/2009,88.49
06/17/2009,86.49
06/18/2009,83.87
06/19/2009,84.15
06/22/2009,86.1
06/23/2009,85.64
06/24/2009,83.96
06/25/2009,82.57
06/26/2009,77.6
06/29/2009,79.69
06/30/2009,79.6
07/01/2009,79.68
07/02/2009,81.32
07/06/2009,83.2
07/07/2009,85.63
07/08/2009,86.17
07/09/2009,82.88
07/10/2009,81.42
07/13/2009,80.58
07/14/2009,81.52
07/15/2009,85.64
07/16/2009,83.64
07/17/2009,82.49
07/20/2009,80.98
07/21/2009,80.45
07/22/2009,75.3
07/23/2009,72.8
07/24/2009,73.01
07/27/2009,74.35
07/28/2009,76.68
07/29/2009,77.1
07/30/2009,73.88
07/31/2009,73.47
08/03/2009,72.79
08/04/2009,71.05
08/05/2009,70.13
08/06/2009,73.17
08/07/2009,71.53
08/10/2009,72.59
08/11/2009,75.6
08/12/2009,81.28
08/13/2009,79.96
08/14/2009,80.45
08/17/2009,84.22
08/18/2009,81.11
08/19/2009,76.32
08/20/2009,76.7
08/21/2009,76.55
08/24/2009,78.47
08/25/2009,77.76
08/26/2009,77.97
08/27/2009,75.59
08/28/2009,74.41
08/31/2009,77.12
09/01/2009,81
09/02/2009,77.07
09/03/2009,75.48
09/04/2009,77.51
09/08/2009,75.69
09/09/2009,76.17
09/10/2009,71.39
09/11/2009,72.36
09/14/2009,71.14
09/15/2009,72.25
09/16/2009,71.7
09/17/2009,69.36
09/18/2009,70.39
09/21/2009,71
09/22/2009,68.26
09/23/2009,68.18
09/24/2009,70.78
09/25/2009,71.74
09/28/2009,70.54
09/29/2009,68.99
09/30/2009,71.32
10/01/2009,76.25
10/02/2009,76.13
10/05/2009,73.56
10/06/2009,71.5
10/07/2009,71.01
10/08/2009,68.1
10/09/2009,65.54
10/12/2009,64.97
10/13/2009,64.97
10/14/2009,68.84
10/15/2009,67.07
10/16/2009,69.85
10/19/2009,67.76
10/20/2009,68.63
10/21/2009,78.16
10/22/2009,77.6
10/23/2009,79.88
10/26/2009,82.28
10/27/2009,80.41
10/28/2009,85.43
10/29/2009,78.1
10/30/2009,89.9
11/02/2009,91.98
11/03/2009,90.16
11/04/2009,85.97
11/05/2009,79.1
11/06/2009,73.72
11/09/2009,68.83
11/10/2009,68.49
11/11/2009,73.05
11/12/2009,80.77
11/13/2009,80.28
11/16/2009,83.31
11/17/2009,83.97
11/18/2009,79.15
11/19/2009,79.27
11/20/2009,75.56
11/23/2009,75.84
11/24/2009,75.05
11/25/2009,73.91
11/27/2009,83.24
11/30/2009,81.58
12/01/2009,80.74
12/02/2009,78.26
12/03/2009,78.52
12/04/2009,77.18
12/07/2009,77.75
12/08/2009,79.57
12/09/2009,84.93
12/10/2009,84.56
12/11/2009,82.87
12/14/2009,81.64
12/15/2009,80.99
12/16/2009,82.05
12/17/2009,83.56
12/18/2009,81.75
12/21/2009,79.62
12/22/2009,71.45
12/23/2009,69.81
12/24/2009,68.81
12/28/2009,69.89
12/29/2009,69.1
12/30/2009,70.36
12/31/2009,74.99
01/04/2010,73.3
01/05/2010,70.36
01/06/2010,67.65
01/07/2010,67.15
01/08/2010,65.71
01/11/2010,64.87
01/12/2010,70.42
01/13/2010,75.53
01/14/2010,74.52
01/15/2010,74.27
01/19/2010,73.5
01/20/2010,80.36
01/21/2010,88.82
01/22/2010,100.06
01/25/2010,90.58
01/26/2010,90.04
01/27/2010,85.86
01/28/2010,87.91
01/29/2010,89
02/01/2010,83.73
02/02/2010,80.98
02/03/2010,80.55
02/04/2010,91.42
02/05/2010,88.22
02/08/2010,90.01
02/09/2010,88.8
02/10/2010,92.18
02/11/2010,89.59
02/12/2010,88.16
02/16/2010,81.77
02/17/2010,80.29
02/18/2010,79.2
02/19/2010,77.97
02/22/2010,75.44
02/23/2010,77.82
02/24/2010,75.93
02/25/2010,75.3
02/26/2010,73.13
03/01/2010,73.24
03/02/2010,73.43
03/03/2010,72.61
03/04/2010,70.51
03/05/2010,71.06
03/08/2010,70.9
03/09/2010,71.49
03/10/2010,76.2
03/11/2010,76.16
03/12/2010,73.74
03/15/2010,75.22
03/16/2010,76.41
03/17/2010,73.16
03/18/2010,76.46
03/19/2010,76.68
03/22/2010,77.75
03/23/2010,78.31
03/24/2010,80.68
03/25/2010,83.82
03/26/2010,81.56
03/29/2010,78.75
03/30/2010,76.91
03/31/2010,77.49
04/01/2010,78.29
04/05/2010,76.97
04/06/2010,76.82
04/07/2010,78.16
04/08/2010,77.06
04/09/2010,78.24
04/12/2010,80.06
04/13/2010,79.97
04/14/2010,83.31
04/15/2010,83.1
04/16/2010,86.29
04/19/2010,81.72
04/20/2010,79.65
04/21/2010,83.89
04/22/2010,85.76
04/23/2010,88.14
04/26/2010,87.53
04/27/2010,103.23
04/28/2010,101.7
04/29/2010,92.44
04/30/2010,101.41
05/03/2010,95.68
05/04/2010,101.88
05/05/2010,105.59
05/06/2010,125.36
05/07/2010,135.38
05/10/2010,110.96
05/11/2010,113.95
05/12/2010,116.53
05/13/2010,123.17
05/14/2010,128.34
05/17/2010,120.97
05/18/2010,135.82
05/19/2010,128.44
05/20/2010,145.12
05/21/2010,130.67
05/24/2010,123.87
05/25/2010,119.36
05/26/2010,115.68
05/27/2010,107.64
05/28/2010,110.13
06/01/2010,109.92
06/02/2010,98.02
06/03/2010,95.61
06/04/2010,103.31
06/07/2010,102.76
06/08/2010,101.79
06/09/2010,111.77
06/10/2010,108.61
06/11/2010,103.69
06/14/2010,99.92
06/15/2010,99
06/16/2010,93.67
06/17/2010,89.65
06/18/2010,92.36
06/21/2010,96.01
06/22/2010,101.65
06/23/2010,98.93
06/24/2010,103.69
06/25/2010,97.51
06/28/2010,99.01
06/29/2010,104
06/30/2010,105.16
07/01/2010,100.69
07/02/2010,97.19
07/06/2010,97.58
07/07/2010,92.14
07/08/2010,89.85
07/09/2010,88.58
07/12/2010,91.75
07/13/2010,90.8
07/14/2010,96.13
07/15/2010,97.75
07/16/2010,101.57
07/19/2010,102.58
07/20/2010,98.89
07/21/2010,97.02
07/22/2010,93.2
07/23/2010,89.9
07/26/2010,88.55
07/27/2010,90.14
07/28/2010,90.71
07/29/2010,90.62
07/30/2010,89.55
08/02/2010,85.02
08/03/2010,85.04
08/04/2010,85.05
08/05/2010,86.52
08/06/2010,87.44
08/09/2010,87.86
08/10/2010,90.35
08/11/2010,102.65
08/12/2010,99.75
08/13/2010,99.54
08/16/2010,98.73
08/17/2010,93.25
08/18/2010,91.3
08/19/2010,91.96
08/20/2010,89.34
08/23/2010,87.66
08/24/2010,85.7
08/25/2010,82.64
08/26/2010,82.95
08/27/2010,79
08/30/2010,82.52
08/31/2010,81.49
09/01/2010,78.28
09/02/2010,79.05
09/03/2010,76.64
09/07/2010,78.98
09/08/2010,89.88
09/09/2010,87.97
09/10/2010,87.6
09/13/2010,87.33
09/14/2010,87.95
09/15/2010,88.4
09/16/2010,87.63
09/17/2010,85.45
09/20/2010,81.5
09/21/2010,80.97
09/22/2010,81.86
09/23/2010,83.02
09/24/2010,80
09/27/2010,82.62
09/28/2010,83.62
09/29/2010,83.35
09/30/2010,86.49
10/01/2010,84.08
10/04/2010,86.22
10/05/2010,82.62
10/06/2010,81.05
10/07/2010,80.7
10/08/2010,81.41
10/11/2010,84.75
10/12/2010,84.77
10/13/2010,88.72
10/14/2010,87.14
10/15/2010,89.82
10/18/2010,91.75
10/19/2010,91.53
10/20/2010,85.48
10/21/2010,83.59
10/22/2010,81.97
10/25/2010,82.02
10/26/2010,82.79
10/27/2010,80.42
10/28/2010,78.47
10/29/2010,77.46
11/01/2010,79.72
11/02/2010,80.18
11/03/2010,76.57
11/04/2010,70.78
11/05/2010,74.02
11/08/2010,73.67
11/09/2010,76.49
11/10/2010,83.07
11/12/2010,88.18
11/15/2010,88.13
11/16/2010,93.65
11/17/2010,89.25
11/18/2010,83.92
11/19/2010,84.73
11/22/2010,78.39
11/23/2010,87.44
11/24/2010,81.55
11/26/2010,90.55
11/29/2010,89.01
11/30/2010,95.73
12/01/2010,92.03
12/02/2010,87.74
12/03/2010,84.28
12/06/2010,82.6
12/07/2010,82.66
12/08/2010,81.8
12/09/2010,79.8
12/10/2010,79.36
12/13/2010,81.67
12/14/2010,81.67
12/15/2010,83.42
12/16/2010,81.32
12/17/2010,86.62
12/20/2010,84.09
12/21/2010,84.38
12/22/2010,86.03
12/23/2010,86.74
12/27/2010,87.44
12/28/2010,86.34
12/29/2010,85.71
12/30/2010,86.52
12/31/2010,86.36
01/03/2011,84.8
01/04/2011,85.25
01/05/2011,84.7
01/06/2011,84.6
01/07/2011,83.73
01/10/2011,81.65
01/11/2011,79.82
01/12/2011,77.94
01/13/2011,78.64
01/14/2011,75.94
01/18/2011,79.77
01/19/2011,83.7
01/20/2011,82.69
01/21/2011,85.41
01/24/2011,82.97
01/25/2011,82.67
01/26/2011,79.43
01/27/2011,77.04
01/28/2011,91.52
01/31/2011,86.08
02/01/2011,84.48
02/02/2011,83.16
02/03/2011,81.75
02/04/2011,81.11
02/07/2011,80.54
02/08/2011,78.93
02/09/2011,82.11
02/10/2011,83.73
02/11/2011,84.5
02/14/2011,82.67
02/15/2011,84.38
02/16/2011,83.05
02/17/2011,83.03
02/18/2011,85.47
02/22/2011,99.18
02/23/2011,99.04
02/24/2011,94.07
02/25/2011,86.17
02/28/2011,81.78
03/01/2011,89.28
03/02/2011,87.55
03/03/2011,82.36
03/04/2011,81.48
03/07/2011,84.32
03/08/2011,80.84
03/09/2011,84.89
03/10/2011,88.16
03/11/2011,83.21
03/14/2011,83.89
03/15/2011,89.68
03/16/2011,112.39
03/17/2011,101.45
03/18/2011,96.28
03/21/2011,89.17
03/22/2011,87.39
03/23/2011,84.77
03/24/2011,84.17
03/25/2011,84.53
03/28/2011,89.94
03/29/2011,84.96
03/30/2011,82.75
03/31/2011,82.51
04/01/2011,81.98
04/04/2011,81.84
04/05/2011,81.44
04/06/2011,83.22
04/07/2011,82.39
04/08/2011,83.43
04/11/2011,84.16
04/12/2011,85.36
04/13/2011,86.04
04/14/2011,86.07
04/15/2011,85.72
04/18/2011,89.11
04/19/2011,85.73
04/20/2011,86.21
04/21/2011,87.71
04/25/2011,87.68
04/26/2011,85.72
04/27/2011,83.21
04/28/2011,82.89
04/29/2011,83.98
05/02/2011,88.5
05/03/2011,90.62
05/04/2011,91.39
05/05/2011,95.08
05/06/2011,94.43
05/09/2011,90.86
05/10/2011,87.56
05/11/2011,96.25
05/12/2011,93.57
05/13/2011,93.86
05/16/2011,94.44
05/17/2011,93.64
05/18/2011,90.7
05/19/2011,87.53
05/20/2011,90.23
05/23/2011,92.08
05/24/2011,88.47
05/25/2011,85.29
05/26/2011,81.48
05/27/2011,81.46
05/31/2011,80.92
06/01/2011,87.59
06/02/2011,85.22
06/03/2011,85.54
06/06/2011,88.15
06/07/2011,83.72
06/08/2011,88.98
06/09/2011,85.65
06/10/2011,93.34
06/13/2011,98.35
06/14/2011,91.74
06/15/2011,105.07
06/16/2011,100.39
06/17/2011,95.31
06/20/2011,90.25
06/21/2011,90.55
06/22/2011,91.71
06/23/2011,93.09
06/24/2011,99.14
06/27/2011,94.29
06/28/2011,90.33
06/29/2011,85.9
06/30/2011,81.08
07/01/2011,78.64
07/05/2011,81.34
07/06/2011,82.69
07/07/2011,80.7
07/08/2011,80.82
07/11/2011,90.87
07/12/2011,88.39
07/13/2011,88.92
07/14/2011,95.72
07/15/2011,89.33
07/18/2011,97.81
07/19/2011,91.01
07/20/2011,86.06
07/21/2011,81.68
07/22/2011,82.45
07/25/2011,90.2
07/26/2011,93.35
07/27/2011,102.01
07/28/2011,105.62
07/29/2011,106.57
08/01/2011,95.89
08/02/2011,102.01
08/03/2011,98.58
08/04/2011,121.76
08/05/2011,118.61
08/08/2011,134.63
08/09/2011,112.8
08/10/2011,132.86
08/11/2011,128.76
08/12/2011,120.19
08/15/2011,109
08/16/2011,104.66
08/17/2011,104.62
08/18/2011,106.66
08/19/2011,111.58
08/22/2011,111.25
08/23/2011,103.43
08/24/2011,104.54
08/25/2011,112.4
08/26/2011,104.72
08/29/2011,96.51
08/30/2011,96.16
08/31/2011,94.16
09/01/2011,92.31
09/02/2011,91
09/06/2011,97.01
09/07/2011,93.3
09/08/2011,93.45
09/09/2011,99.07
09/12/2011,97.07
09/13/2011,96.14
09/14/2011,100.22
09/15/2011,96.69
09/16/2011,93.67
09/19/2011,95.95
09/20/2011,92.9
09/21/2011,98.58
09/22/2011,103.91
09/23/2011,104.77
09/26/2011,102.89
09/27/2011,100.31
09/28/2011,104.3
09/29/2011,101.05
09/30/2011,101.08
10/03/2011,103.89
10/04/2011,99.31
10/05/2011,94.66
10/06/2011,93.52
10/07/2011,92.57
10/10/2011,89.39
10/11/2011,90.98
10/12/2011,91.34
10/13/2011,95.1
10/14/2011,94.69
10/17/2011,103.55
10/18/2011,100.21
10/19/2011,103.29
10/20/2011,102.97
10/21/2011,98.05
10/24/2011,97.13
10/25/2011,97.75
10/26/2011,97.74
10/27/2011,94.44
10/28/2011,94.19
10/31/2011,104.84
11/01/2011,113.15
11/02/2011,107.4
11/03/2011,104.28
11/04/2011,103.34
11/07/2011,103.35
11/08/2011,98.05
11/09/2011,122.73
11/10/2011,113.54
11/11/2011,112.1
11/14/2011,112.35
11/15/2011,107.55
11/16/2011,111.18
11/17/2011,111.86
11/18/2011,101.92
11/21/2011,99.6
11/22/2011,98.53
11/23/2011,101.46
11/25/2011,98.98
11/28/2011,96.23
11/29/2011,95.47
11/30/2011,92.22
12/01/2011,90.88
12/02/2011,92.46
12/05/2011,92.97
12/06/2011,92.21
12/07/2011,92.84
12/08/2011,94.97
12/09/2011,90.92
12/12/2011,93.21
12/13/2011,94.55
12/14/2011,99.63
12/15/2011,97.71
12/16/2011,94.28
12/19/2011,90.27
12/20/2011,88.64
12/21/2011,85.54
12/22/2011,86.18
12/23/2011,86.54
12/27/2011,88.13
12/28/2011,94.08
12/29/2011,91.8
12/30/2011,91.7
01/03/2012,91.39
01/04/2012,88.89
01/05/2012,87.69
01/06/2012,86.95
01/09/2012,87.8
01/10/2012,88.82
01/11/2012,93.17
01/12/2012,90.51
01/13/2012,93.55
01/17/2012,93.66
01/18/2012,90.09
01/19/2012,88.73
01/20/2012,89.24
01/23/2012,89.59
01/24/2012,89.01
01/25/2012,86.01
01/26/2012,88.92
01/27/2012,87.44
01/30/2012,89.86
01/31/2012,88.51
02/01/2012,85.78
02/02/2012,84.1
02/03/2012,84.04
02/06/2012,85.38
02/07/2012,83.79
02/08/2012,97.01
02/09/2012,100.76
02/10/2012,104.15
02/13/2012,102.45
02/14/2012,107.82
02/15/2012,114.65
02/16/2012,110.41
02/17/2012,108.56
02/21/2012,107.71
02/22/2012,100.81
02/23/2012,94.44
02/24/2012,99.43
02/27/2012,101.68
02/28/2012,99.13
02/29/2012,101.6
03/01/2012,97.43
03/02/2012,96.94
03/05/2012,98.18
03/06/2012,105.11
03/07/2012,100.46
03/08/2012,97.19
03/09/2012,97.98
03/12/2012,98.61
03/13/2012,98.47
03/14/2012,106.63
03/15/2012,108.42
03/16/2012,105.78
03/19/2012,106.49
03/20/2012,109.38
03/21/2012,104.65
03/22/2012,102.53
03/23/2012,98.6
03/26/2012,96.08
03/27/2012,101.15
03/28/2012,102.74
03/29/2012,101.94
03/30/2012,100.28
04/02/2012,100.38
04/03/2012,98.37
04/04/2012,99.73
04/05/2012,99.47
04/09/2012,104.59
04/10/2012,109.13
04/11/2012,111.19
04/12/2012,104.27
04/13/2012,110.76
04/16/2012,110.97
04/17/2012,107.01
04/18/2012,106.06
04/19/2012,103.96
04/20/2012,101.08
04/23/2012,104.01
04/24/2012,99.84
04/25/2012,93.28
04/26/2012,89.65
04/27/2012,88.62
04/30/2012,89.32
05/01/2012,87.06
05/02/2012,86.29
05/03/2012,88.35
05/04/2012,91.31
05/07/2012,90.91
05/08/2012,91.33
05/09/2012,102.07
05/10/2012,98.65
05/11/2012,100.12
05/14/2012,105.85
05/15/2012,109.61
05/16/2012,109.22
05/17/2012,112.84
05/18/2012,117.44
05/21/2012,108.5
05/22/2012,110.48
05/23/2012,107.48
05/24/2012,104.52
05/25/2012,103.1
05/29/2012,100.98
05/30/2012,109.73
05/31/2012,108.75
06/01/2012,111.41
06/04/2012,107.04
06/05/2012,102.78
06/06/2012,97.71
06/07/2012,98.36
06/08/2012,96.6
06/11/2012,105.51
06/12/2012,103.22
06/13/2012,110.6
06/14/2012,107.78
06/15/2012,108.23
06/18/2012,99.3
06/19/2012,98.13
06/20/2012,96.41
06/21/2012,105.47
06/22/2012,104.13
06/25/2012,104.46
06/26/2012,100.66
06/27/2012,98.11
06/28/2012,97.21
06/29/2012,89.59
07/02/2012,85.61
07/03/2012,84.59
07/05/2012,89.43
07/06/2012,90.1
07/09/2012,92.85
07/10/2012,94.91
07/11/2012,96.25
07/12/2012,95.22
07/13/2012,91.1
07/16/2012,94.21
07/17/2012,93.49
07/18/2012,94.03
07/19/2012,93.73
07/20/2012,100.61
07/23/2012,107.32
07/24/2012,111.65
07/25/2012,106.53
07/26/2012,98.59
07/27/2012,93.08
07/30/2012,94.74
07/31/2012,96.11
08/01/2012,94.23
08/02/2012,89.63
08/03/2012,84.5
08/06/2012,84.47
08/07/2012,86.87
08/08/2012,85.18
08/09/2012,83.91
08/10/2012,84.83
08/13/2012,89.58
08/14/2012,94.33
08/15/2012,97.95
08/16/2012,95.65
08/17/2012,95.02
08/20/2012,96.64
08/21/2012,97.41
08/22/2012,99.14
08/23/2012,98.4
08/24/2012,94.99
08/27/2012,94.89
08/28/2012,94.43
08/29/2012,94.71
08/30/2012,96.33
08/31/2012,93.3
09/04/2012,93.71
09/05/2012,90.15
09/06/2012,83.65
09/07/2012,82.24
09/10/2012,92.77
09/11/2012,92.39
09/12/2012,93.94
09/13/2012,87.81
09/14/2012,93.04
09/17/2012,92.95
09/18/2012,90.13
09/19/2012,88.61
09/20/2012,88.72
09/21/2012,87.9
09/24/2012,85.88
09/25/2012,92.79
09/26/2012,95.05
09/27/2012,88.24
09/28/2012,90.49
10/01/2012,92.51
10/02/2012,90.25
10/03/2012,87.56
10/04/2012,83.51
10/05/2012,83.1
10/08/2012,85.85
10/09/2012,88.53
10/10/2012,94.36
10/11/2012,90.74
10/12/2012,91.87
10/15/2012,92.92
10/16/2012,90.31
10/17/2012,85.6
10/18/2012,86.51
10/19/2012,92.63
10/22/2012,92.48
10/23/2012,99.66
10/24/2012,96.39
10/25/2012,91.86
10/26/2012,89.43
10/31/2012,90.23
11/01/2012,81.7
11/02/2012,87.84
11/05/2012,90.75
11/06/2012,87.56
11/07/2012,94.75
11/08/2012,93.39
11/09/2012,94.02
11/12/2012,90.54
11/13/2012,87.84
11/14/2012,94.66
11/15/2012,94.54
11/16/2012,90.27
11/19/2012,88.43
11/20/2012,85.93
11/21/2012,85.85
11/23/2012,82.86
11/26/2012,82.45
11/27/2012,84.17
11/28/2012,80.39
11/29/2012,78.42
11/30/2012,78.59
12/03/2012,84.07
12/04/2012,86.18
12/05/2012,82.98
12/06/2012,84.15
12/07/2012,80.74
12/10/2012,81.56
12/11/2012,78.7
12/12/2012,83.02
12/13/2012,86.74
12/14/2012,86.39
12/17/2012,82.1
12/18/2012,79.36
12/19/2012,83.33
12/20/2012,83.06
12/21/2012,87.7
12/24/2012,89.27
12/26/2012,92.17
12/27/2012,90.89
12/28/2012,104.72
12/31/2012,92.5
01/02/2013,78.77
01/03/2013,77.02
01/04/2013,75.18
01/07/2013,76.77
01/08/2013,78.37
01/09/2013,78.51
01/10/2013,77.49
01/11/2013,78.52
01/14/2013,78.28
01/15/2013,77.84
01/16/2013,77.26
01/17/2013,78.77
01/18/2013,73.43
01/22/2013,73.87
01/23/2013,71.86
01/24/2013,76.17
01/25/2013,76.92
01/28/2013,78.16
01/29/2013,73.61
01/30/2013,77.34
01/31/2013,76.72
02/01/2013,73.29
02/04/2013,77.79
02/05/2013,75.07
02/06/2013,77.24
02/07/2013,76.86
02/08/2013,74.42
02/11/2013,76.1
02/12/2013,73.83
02/13/2013,73.25
02/14/2013,72.99
02/15/2013,72.55
02/19/2013,70.45
02/20/2013,79.65
02/21/2013,80.83
02/22/2013,78.66
02/25/2013,94.34
02/26/2013,90.23
02/27/2013,82.29
02/28/2013,86.57
03/01/2013,87.83
03/04/2013,82.27
03/05/2013,79.32
03/06/2013,78.78
03/07/2013,77.16
03/08/2013,76.65
03/11/2013,77.32
03/12/2013,79.99
03/13/2013,84.36
03/14/2013,83.5
03/15/2013,85.72
03/18/2013,93.07
03/19/2013,94.39
03/20/2013,89.45
03/21/2013,93.98
03/22/2013,91.78
03/25/2013,88.86
03/26/2013,85.14
03/27/2013,85.32
03/28/2013,83.2
04/01/2013,84.23
04/02/2013,80.49
04/03/2013,85.23
04/04/2013,83.12
04/05/2013,84.49
04/08/2013,82.12
04/09/2013,82.04
04/10/2013,82.75
04/11/2013,83.37
04/12/2013,82.39
04/15/2013,104.62
04/16/2013,88.19
04/17/2013,105.26
04/18/2013,107.65
04/19/2013,95.52
04/22/2013,90.91
04/23/2013,85.16
04/24/2013,84.99
04/25/2013,85.89
04/26/2013,85.09
04/29/2013,84.42
04/30/2013,83.46
05/01/2013,88.11
05/02/2013,83.82
05/03/2013,80.91
05/06/2013,79.78
05/07/2013,78.86
05/08/2013,79.81
05/09/2013,81.14
05/10/2013,80.45
05/14/2013,80.45
05/15/2013,83.15
05/16/2013,84.5
05/17/2013,84
05/20/2013,85.01
05/21/2013,88.04
05/22/2013,88.23
05/23/2013,87.4
05/24/2013,83.88
05/28/2013,82.65
05/29/2013,81.72
05/30/2013,80.22
05/31/2013,84.87
06/03/2013,86.99
06/04/2013,87.39
06/05/2013,93.18
06/06/2013,91.91
06/07/2013,84.19
06/10/2013,82.94
06/11/2013,92.32
06/12/2013,101.77
06/13/2013,95.08
06/14/2013,93.87
06/17/2013,90.45
06/18/2013,89.99
06/19/2013,88.59
06/20/2013,100.98
06/21/2013,96.1
06/24/2013,100.93
06/25/2013,94.83
06/26/2013,90.76
06/27/2013,86.05
06/28/2013,86.54
07/01/2013,84.89
07/02/2013,83.7
07/03/2013,82.72
07/05/2013,77.41
07/08/2013,75.49
07/09/2013,75.92
07/10/2013,79.54
07/11/2013,77.16
07/12/2013,76.14
07/15/2013,76.22
07/16/2013,80.84
07/17/2013,77.06
07/18/2013,74.68
07/19/2013,73.64
07/22/2013,72.49
07/23/2013,75.05
07/24/2013,76.8
07/25/2013,76.74
07/26/2013,76.54
07/29/2013,76.65
07/30/2013,74.35
07/31/2013,73.08
08/01/2013,71.1
08/02/2013,70.36
08/05/2013,69.74
08/06/2013,75.53
08/07/2013,76.57
08/08/2013,75.41
08/09/2013,77.33
08/12/2013,78.77
08/13/2013,78.94
08/14/2013,80.22
08/15/2013,86.21
08/16/2013,84.09
08/19/2013,86.91
08/20/2013,89.08
08/21/2013,90.38
08/22/2013,84.52
08/23/2013,80.02
08/26/2013,83.06
08/27/2013,92.36
08/28/2013,91.46
08/29/2013,91.49
08/30/2013,92.6
09/03/2013,90.66
09/04/2013,88.28
09/05/2013,85.8
09/06/2013,86.51
09/09/2013,83.46
09/10/2013,79.25
09/11/2013,78.4
09/12/2013,80.97
09/13/2013,79.73
09/16/2013,80.09
09/17/2013,79.49
09/18/2013,74.65
09/19/2013,73.22
09/20/2013,76.89
09/23/2013,77.56
09/24/2013,74.78
09/25/2013,73.08
09/26/2013,69.96
09/27/2013,74.93
09/30/2013,81.67
10/01/2013,76.43
10/02/2013,85.73
10/03/2013,93.79
10/04/2013,88.71
10/07/2013,103.08
10/08/2013,106.55
10/09/2013,111.43
10/10/2013,95.31
10/11/2013,90.85
10/14/2013,91.8
10/15/2013,103.37
10/16/2013,85.7
10/17/2013,72.7
10/18/2013,73.42
10/21/2013,75.02
10/22/2013,74.13
10/23/2013,72.43
10/24/2013,70.84
10/25/2013,70.03
10/28/2013,70.16
10/29/2013,68.52
10/30/2013,69.56
10/31/2013,69.44
11/01/2013,68.94
11/04/2013,67.09
11/05/2013,67.41
11/06/2013,67.41
11/07/2013,71.74
11/08/2013,69.39
11/11/2013,69.39
11/12/2013,69.39
11/13/2013,71.37
11/14/2013,71.91
11/15/2013,73.58
11/18/2013,75.06
11/19/2013,74.45
11/20/2013,69.05
11/21/2013,64.95
11/22/2013,63.77
11/25/2013,64.88
11/26/2013,65.14
11/27/2013,64.81
11/29/2013,64.81
12/02/2013,69.59
12/03/2013,73.21
12/04/2013,72.73
12/05/2013,75.8
12/06/2013,70.45
12/09/2013,70.45
12/10/2013,70.45
12/11/2013,80.55
12/12/2013,83.38
12/13/2013,85.39
12/16/2013,83.2
12/17/2013,82.23
12/18/2013,67.17
12/19/2013,67.03
12/20/2013,68
12/23/2013,63.49
12/24/2013,63.49
12/26/2013,62.71
12/27/2013,66.67
12/30/2013,69.71
12/31/2013,70.83
01/02/2014,73.14
01/03/2014,70.03
01/06/2014,68.33
01/07/2014,68.33
01/08/2014,68.33
01/09/2014,68.33
01/10/2014,67.74
01/13/2014,75.71
01/14/2014,69.31
01/15/2014,69.56
01/16/2014,73.98
01/17/2014,75.72
01/21/2014,77.78
01/22/2014,74.46
01/23/2014,78.25
01/24/2014,97.71
01/27/2014,93.5
01/28/2014,83.96
01/29/2014,92.47
01/30/2014,92.35
01/31/2014,99.66
02/03/2014,106.78
02/04/2014,100.4
02/05/2014,102.87
02/06/2014,92.58
02/07/2014,83.17
02/10/2014,79.89
02/11/2014,78.64
02/12/2014,79.56
02/13/2014,78.41
02/14/2014,77.49
02/18/2014,75.82
02/19/2014,86.23
02/20/2014,79.83
02/21/2014,78.96
02/24/2014,77.84
02/25/2014,76.46
02/26/2014,79.42
02/27/2014,78.94
02/28/2014,81.45
03/03/2014,92.84
03/04/2014,82.14
03/05/2014,80.52
03/06/2014,79.55
03/07/2014,83.07
03/10/2014,82.35
03/11/2014,85.12
03/12/2014,83.45
03/13/2014,92.14
03/14/2014,97.11
03/17/2014,87.79
03/18/2014,81.89
03/19/2014,81.35
03/20/2014,77.03
03/21/2014,78.64
03/24/2014,77.29
03/25/2014,74.77
03/26/2014,76.27
03/27/2014,74.71
03/28/2014,74.86
03/31/2014,72.2
04/01/2014,67.51
04/02/2014,67.33
04/03/2014,67.73
04/04/2014,69.53
04/07/2014,74.51
04/08/2014,71.43
04/09/2014,69.19
04/10/2014,78.56
04/11/2014,83.94
04/14/2014,82.2
04/15/2014,80.67
04/16/2014,72.08
04/17/2014,70.08
04/21/2014,68.62
04/22/2014,66.74
04/23/2014,66.22
04/24/2014,68.75
04/25/2014,70.49
04/28/2014,67.63
04/29/2014,65.47
04/30/2014,64.49
05/01/2014,64.5
05/02/2014,64.54
05/05/2014,64.4
05/06/2014,64.93
05/07/2014,62.64
05/08/2014,62.16
05/09/2014,61.76
05/12/2014,61.76
05/13/2014,61.76
05/14/2014,69.03
05/15/2014,71.6
05/16/2014,68.72
05/19/2014,67.58
05/20/2014,68.77
05/21/2014,66.56
05/22/2014,68.06
05/23/2014,66.86
05/27/2014,64.95
05/28/2014,67.37
05/29/2014,66.93
05/30/2014,67.95
06/02/2014,68.76
06/03/2014,68.19
06/04/2014,67.67
06/05/2014,65.47
06/06/2014,67.08
06/09/2014,70.88
06/10/2014,70.5
06/11/2014,74.21
06/12/2014,79.97
06/13/2014,79.81
06/16/2014,81.5
06/17/2014,78.41
06/18/2014,71.76
06/19/2014,73.41
06/20/2014,73.33
06/23/2014,72.58
06/24/2014,75.24
06/25/2014,72.31
06/26/2014,72.86
06/27/2014,72.72
06/30/2014,71.56
07/01/2014,69.28
07/02/2014,68.15
07/03/2014,68.35
07/07/2014,71.66
07/08/2014,73.21
07/09/2014,76.28
07/10/2014,82.14
07/11/2014,79.91
07/14/2014,77.29
07/15/2014,78.92
07/16/2014,75.81
07/17/2014,89.96
07/18/2014,80.37
07/21/2014,81.41
07/22/2014,75.22
07/23/2014,76.64
07/24/2014,77.66
07/25/2014,81.08
07/28/2014,81.21
07/29/2014,81.72
07/30/2014,83.58
07/31/2014,97.42
08/01/2014,101.11
08/04/2014,93.12
08/05/2014,98.32
08/06/2014,96.38
08/07/2014,97.4
08/08/2014,91.84
08/11/2014,87.54
08/12/2014,85.98
08/13/2014,81.27
08/14/2014,78.48
08/15/2014,82.2
08/18/2014,81.02
08/19/2014,80.84
08/20/2014,79.9
08/21/2014,79.61
08/22/2014,79.58
08/25/2014,79.33
08/26/2014,79.39
08/27/2014,78.85
08/28/2014,80.53
08/29/2014,81.11
09/02/2014,82.41
09/03/2014,80.77
09/04/2014,79.99
09/05/2014,77.33
09/08/2014,77.84
09/09/2014,79.3
09/10/2014,82.12
09/11/2014,83.1
09/12/2014,89.25
09/15/2014,91.58
09/16/2014,84.52
09/17/2014,81.52
09/18/2014,77.47
09/19/2014,77.7
09/22/2014,87.41
09/23/2014,91.9
09/24/2014,86.21
09/25/2014,96.72
09/26/2014,90.63
09/29/2014,95.02
09/30/2014,92.47
10/01/2014,98.12
10/02/2014,93.75
10/03/2014,87.77
10/06/2014,88.73
10/07/2014,99.2
10/08/2014,89.08
10/09/2014,102.13
10/10/2014,113.38
10/13/2014,131.57
10/14/2014,120.61
10/15/2014,129.01
10/16/2014,121.94
10/17/2014,118.84
10/20/2014,108.83
10/21/2014,104.09
10/22/2014,108.82
10/23/2014,102.05
10/24/2014,104.38
10/27/2014,100.75
10/28/2014,95.89
10/29/2014,99.34
10/30/2014,98.52
10/31/2014,94.1
11/03/2014,93.19
11/04/2014,92.44
11/05/2014,87.08
11/06/2014,83.42
11/07/2014,80.44
11/10/2014,79.7
11/11/2014,79.79
11/12/2014,83.1
11/13/2014,86.29
11/14/2014,85.58
11/17/2014,84.79
11/18/2014,82.6
11/19/2014,81.06
11/20/2014,79.14
11/21/2014,79.34
11/24/2014,79.25
11/25/2014,77.93
11/26/2014,77.04
11/28/2014,79.84
12/01/2014,86.84
12/02/2014,83.47
12/03/2014,86.45
12/04/2014,85.17
12/05/2014,85.41
12/08/2014,94.45
12/09/2014,97.13
12/10/2014,117.32
12/11/2014,132.4
12/12/2014,138.6
12/15/2014,128.22
12/16/2014,132.94
12/17/2014,114.37
12/18/2014,107.24
12/19/2014,99.17
12/22/2014,99.69
12/23/2014,94.73
12/24/2014,95.29
12/26/2014,92.28
12/29/2014,94.86
12/30/2014,97.84
12/31/2014,113.08
01/02/2015,112.55
01/05/2015,121.87
01/06/2015,118.45
01/07/2015,107.69
01/08/2015,98.44
01/09/2015,103.77
01/12/2015,109.04
01/13/2015,109.22
01/14/2015,113.5
01/15/2015,117.07
01/16/2015,111.32
01/20/2015,108.4
01/21/2015,98.62
01/22/2015,93.25
01/23/2015,96.33
01/26/2015,91.94
01/27/2015,96.11
01/28/2015,108.68
01/29/2015,100.7
01/30/2015,108.99
02/02/2015,106.74
02/03/2015,101.03
02/04/2015,103.74
02/05/2015,98.56
02/06/2015,101.69
02/09/2015,104.19
02/10/2015,97.33
02/11/2015,98.73
02/12/2015,93.24
02/13/2015,92.74
02/17/2015,92.95
02/18/2015,89.38
02/19/2015,87.6
02/20/2015,85.78
02/23/2015,86.13
02/24/2015,82.65
02/25/2015,86.57
02/26/2015,86.93
02/27/2015,85.23
03/02/2015,81.84
03/03/2015,85.05
03/04/2015,84.1
03/05/2015,81.26
03/06/2015,86.88
03/09/2015,85.55
03/10/2015,91.89
03/11/2015,97.28
03/12/2015,89.48
03/13/2015,93.12
03/16/2015,90.54
03/17/2015,88.25
03/18/2015,81.22
03/19/2015,81.61
03/20/2015,80.49
03/23/2015,79.98
03/24/2015,80.04
03/25/2015,83.52
03/26/2015,87.03
03/27/2015,86.5
03/30/2015,82.16
03/31/2015,84.01
04/01/2015,82.82
04/02/2015,80.21
04/06/2015,80.3
04/07/2015,79.7
04/08/2015,84.76
04/09/2015,80.71
04/10/2015,78.91
04/13/2015,83.8
04/14/2015,81.91
04/15/2015,79.83
04/16/2015,79.78
04/17/2015,85.97
04/20/2015,81.48
04/21/2015,81.29
04/22/2015,79.7
04/23/2015,78.17
04/24/2015,76.43
04/27/2015,81.22
04/28/2015,77.68
04/29/2015,82.27
04/30/2015,87.08
05/01/2015,79.64
05/04/2015,78.56
05/05/2015,84.45
05/06/2015,90.8
05/07/2015,89.21
05/08/2015,79.44
05/11/2015,83.11
05/12/2015,84.64
05/13/2015,84.45
05/14/2015,82.34
05/15/2015,80.93
05/18/2015,82.06
05/19/2015,77.53
05/20/2015,77.03
05/21/2015,73.18
05/22/2015,75.98
05/26/2015,81.94
05/27/2015,77.79
05/28/2015,77.35
05/29/2015,79.07
06/01/2015,78.89
06/02/2015,80.61
06/03/2015,79.27
06/04/2015,87.99
06/05/2015,84.1
06/08/2015,86.5
06/09/2015,84.34
06/10/2015,81.6
06/11/2015,79.53
06/12/2015,85.55
06/15/2015,96.12
06/16/2015,95.96
06/17/2015,93.19
06/18/2015,89.2
06/19/2015,92.16
06/22/2015,83.87
06/23/2015,78.85
06/24/2015,82.53
06/25/2015,83.51
06/26/2015,83.09
06/29/2015,117
06/30/2015,110.17
07/01/2015,97.6
07/02/2015,105.14
07/06/2015,105.97
07/07/2015,99.35
07/08/2015,111.67
07/09/2015,115.36
07/10/2015,101.19
07/13/2015,85.95
07/14/2015,87.35
07/15/2015,90.81
07/16/2015,87.12
07/17/2015,85.32
07/20/2015,84.38
07/21/2015,82.56
07/22/2015,78.89
07/23/2015,81.44
07/24/2015,88.36
07/27/2015,97.32
07/28/2015,84.77
07/29/2015,82.94
07/30/2015,80.65
07/31/2015,81.77
08/03/2015,79.43
08/04/2015,80.82
08/05/2015,80.1
08/06/2015,84.36
08/07/2015,82.57
08/10/2015,80.21
08/11/2015,85.22
08/12/2015,88.13
08/13/2015,88.36
08/14/2015,89.38
08/17/2015,87.35
08/18/2015,88.84
08/19/2015,91.84
08/20/2015,108.75
08/21/2015,138.57
08/24/2015,168.75
08/25/2015,152.42
08/26/2015,134.31
08/27/2015,128.59
08/28/2015,127.18
08/31/2015,127.28
09/01/2015,128.94
09/02/2015,114.43
09/03/2015,118.16
09/04/2015,123.15
09/08/2015,117.62
09/09/2015,131.3
09/10/2015,127.06
09/11/2015,119.09
09/14/2015,118.01
09/15/2015,109.34
09/16/2015,107.02
09/17/2015,118.09
09/18/2015,116.26
09/21/2015,103.4
09/22/2015,111.36
09/23/2015,105.86
09/24/2015,110.12
09/25/2015,110.54
09/28/2015,115.31
09/29/2015,110.99
09/30/2015,103.28
10/01/2015,98.27
10/02/2015,95.07
10/05/2015,92.29
10/06/2015,92.46
10/07/2015,89.43
10/08/2015,88.42
10/09/2015,89.08
10/12/2015,88.27
10/13/2015,98.35
10/14/2015,102.29
10/15/2015,96.61
10/16/2015,97.58
10/19/2015,94.38
10/20/2015,97.11
10/21/2015,106.02
10/22/2015,97.07
10/23/2015,97.21
10/26/2015,98.1
10/27/2015,95.21
10/28/2015,88.28
10/29/2015,88.6
10/30/2015,90.27
11/02/2015,86.75
11/03/2015,87.34
11/04/2015,89.46
11/05/2015,87.68
11/06/2015,85.03
11/09/2015,92.97
11/10/2015,86.96
11/11/2015,91.25
11/12/2015,98.19
11/13/2015,106.06
11/16/2015,96.71
11/17/2015,100.37
11/18/2015,93.47
11/19/2015,96.18
11/20/2015,90.79
11/23/2015,88.55
11/24/2015,89.64
11/25/2015,86.14
11/27/2015,88.35
11/30/2015,90.84
12/01/2015,87.32
12/02/2015,92.94
12/03/2015,101.8
12/04/2015,89.19
12/07/2015,94.3
12/08/2015,99.16
12/09/2015,113.83
12/10/2015,113.8
12/11/2015,131.09
12/14/2015,122.22
12/15/2015,114.37
12/16/2015,108.93
12/17/2015,113.52
12/18/2015,118.32
12/21/2015,109.44
12/22/2015,100.91
12/23/2015,99.61
12/24/2015,99.88
12/28/2015,99.24
12/29/2015,95.13
12/30/2015,100.82
12/31/2015,100.2
01/04/2016,107.69
01/05/2016,101.84
01/06/2016,103.06
01/07/2016,116.55
01/08/2016,116.46
01/11/2016,109.63
01/12/2016,104.52
01/13/2016,117.14
01/14/2016,110.07
01/15/2016,116.41
01/19/2016,113.76
01/20/2016,112.88
01/21/2016,108.38
01/22/2016,98.92
01/25/2016,102.88
01/26/2016,98.4
01/27/2016,100.04
01/28/2016,96.56
01/29/2016,89.95
02/01/2016,89.65
02/02/2016,97.6
02/03/2016,97.32
02/04/2016,95.22
02/05/2016,100.55
02/08/2016,104.53
02/09/2016,103.06
02/10/2016,106.19
02/11/2016,107.21
02/12/2016,103.25
02/16/2016,94.2
02/17/2016,88.96
02/18/2016,87.53
02/19/2016,86.25
02/22/2016,86.19
02/23/2016,89.67
02/24/2016,86.74
02/25/2016,83.51
02/26/2016,83.72
02/29/2016,85.06
03/01/2016,79.45
03/02/2016,78.84
03/03/2016,79.41
03/04/2016,81.97
03/07/2016,82.3
03/08/2016,87.46
03/09/2016,92.86
03/10/2016,94.77
03/11/2016,92.35
03/14/2016,89.74
03/15/2016,90.34
03/16/2016,84.37
03/17/2016,84.71
03/18/2016,86.2
03/21/2016,87.78
03/22/2016,85.04
03/23/2016,86.06
03/24/2016,84.2
03/28/2016,83.29
03/29/2016,81.39
03/30/2016,80.33
03/31/2016,82.94
04/01/2016,81.57
04/04/2016,84.43
04/05/2016,89.11
04/06/2016,85.59
04/07/2016,92.74
04/08/2016,89.73
04/11/2016,92.81
04/12/2016,89.78
04/13/2016,87.89
04/14/2016,87.92
04/15/2016,90.27
04/18/2016,86.57
04/19/2016,86.98
04/20/2016,87.97
04/21/2016,87.07
04/22/2016,84.1
04/25/2016,85.77
04/26/2016,84.51
04/27/2016,83.1
04/28/2016,87.36
04/29/2016,91.68
05/02/2016,89.49
05/03/2016,91.66
05/04/2016,91.86
05/05/2016,91.58
05/06/2016,88.86
05/09/2016,86.42
05/10/2016,85.92
05/11/2016,91.53
05/12/2016,91.25
05/13/2016,94
05/16/2016,90.61
05/17/2016,91.76
05/18/2016,89.99
05/19/2016,90.46
05/20/2016,85.46
05/23/2016,84.12
05/24/2016,79.48
05/25/2016,78.54
05/26/2016,77.48
05/27/2016,76.17
05/31/2016,79.43
06/01/2016,78.93
06/02/2016,79.54
06/03/2016,79.08
06/06/2016,80.71
06/07/2016,82.3
06/08/2016,86.61
06/09/2016,89.98
06/10/2016,103.78
06/13/2016,124.56
06/14/2016,116.44
06/15/2016,114.23
06/16/2016,115.47
06/17/2016,115.72
06/20/2016,112.4
06/21/2016,113.46
06/22/2016,122.94
06/23/2016,104.71
06/24/2016,125.13
06/27/2016,115.6
06/28/2016,108
06/29/2016,98.6
06/30/2016,94.23
07/01/2016,91.7
07/05/2016,91.85
07/06/2016,89.24
07/07/2016,89.5
07/08/2016,84.72
07/11/2016,84.78
07/12/2016,84.98
07/13/2016,84.18
07/14/2016,86.03
07/15/2016,89.04
07/18/2016,87.2
07/19/2016,89.03
07/20/2016,87.09
07/21/2016,92.84
07/22/2016,89.51
07/25/2016,91.95
07/26/2016,91.44
07/27/2016,91.23
07/28/2016,89.81
07/29/2016,90.84
08/01/2016,90.68
08/02/2016,93.89
08/03/2016,88.59
08/04/2016,88.14
08/05/2016,85.23
08/08/2016,84.5
08/09/2016,86.65
08/10/2016,89.4
08/11/2016,97.36
08/12/2016,94.49
08/15/2016,91.67
08/16/2016,91.86
08/17/2016,84.84
08/18/2016,82.83
08/19/2016,82.44
08/22/2016,83.13
08/23/2016,83.45
08/24/2016,85.37
08/25/2016,85.43
08/26/2016,88.62
08/29/2016,85.83
08/30/2016,84.44
08/31/2016,84.87
09/01/2016,84.9
09/02/2016,81.35
09/06/2016,82.14
09/07/2016,83.08
09/08/2016,85.57
09/09/2016,110.02
09/12/2016,99.53
09/13/2016,110.02
09/14/2016,113.15
09/15/2016,109.27
09/16/2016,102.59
09/19/2016,101.58
09/20/2016,101.98
09/21/2016,92.59
09/22/2016,89.22
09/23/2016,90.4
09/26/2016,96.24
09/27/2016,88.94
09/28/2016,87.55
09/29/2016,93.78
09/30/2016,91.42
10/03/2016,91.51
10/04/2016,89.94
10/05/2016,89.88
10/06/2016,89.86
10/07/2016,90.86
10/10/2016,90.66
10/11/2016,95.43
10/12/2016,102.02
10/13/2016,103.4
10/14/2016,101.01
10/17/2016,99.34
10/18/2016,96.87
10/19/2016,93.9
10/20/2016,89.72
10/21/2016,87.34
10/24/2016,85.81
10/25/2016,86.23
10/26/2016,86.9
10/27/2016,91.21
10/28/2016,99.44
10/31/2016,102.82
11/01/2016,108.26
11/02/2016,112.39
11/03/2016,120.24
11/04/2016,120.23
11/07/2016,107.84
11/08/2016,108.67
11/09/2016,96.14
11/10/2016,102.67
11/11/2016,97.22
11/14/2016,98.22
11/15/2016,91.77
11/16/2016,92.45
11/17/2016,87.58
11/18/2016,86.4
11/21/2016,80.75
11/22/2016,83.4
11/23/2016,82.45
11/25/2016,82.65
11/28/2016,86.17
11/29/2016,86.28
11/30/2016,88.99
12/01/2016,97.79
12/02/2016,98.07
12/05/2016,88.88
12/06/2016,88.12
12/07/2016,89.11
12/08/2016,91.27
12/09/2016,89.4
12/12/2016,91.87
12/13/2016,93.32
12/14/2016,96.82
12/15/2016,93.08
12/16/2016,93.79
12/19/2016,90.51
12/20/2016,88.26
12/21/2016,87.97
12/22/2016,89.72
12/23/2016,87.64
12/27/2016,86.37
12/28/2016,89.17
12/29/2016,88.87
12/30/2016,91.6
01/03/2017,85.37
01/04/2017,82.27
01/05/2017,81.33
01/06/2017,80.59
01/09/2017,83.47
01/10/2017,86.36
01/11/2017,86.72
01/12/2017,90.44
01/13/2017,92.9
01/17/2017,92.39
01/18/2017,87.06
01/19/2017,86.84
01/20/2017,83.63
01/23/2017,84.51
01/24/2017,79.05
01/25/2017,78.66
01/26/2017,79.65
01/27/2017,83.63
01/30/2017,92.04
01/31/2017,89.83
02/01/2017,87.75
02/02/2017,89.73
02/03/2017,88.97
02/06/2017,90.02
02/07/2017,89.61
02/08/2017,94.58
02/09/2017,89.59
02/10/2017,85.77
02/13/2017,80.84
02/14/2017,78.35
02/15/2017,81.12
02/16/2017,79.66
02/17/2017,81.25
02/21/2017,82.45
02/22/2017,81.53
02/23/2017,82.2
02/24/2017,83.31
02/27/2017,85.69
02/28/2017,88.08
03/01/2017,84.03
03/02/2017,83.61
03/03/2017,81.19
03/06/2017,81.44
03/07/2017,81.43
03/08/2017,82.5
03/09/2017,83.64
03/10/2017,80.27
03/13/2017,81.57
03/14/2017,85.88
03/15/2017,80.76
03/16/2017,75.96
03/17/2017,78.66
03/20/2017,77.16
03/21/2017,83.02
03/22/2017,83.8
03/23/2017,88.93
03/24/2017,89.74
03/27/2017,84.86
03/28/2017,79.27
03/29/2017,78.26
03/30/2017,77.87
03/31/2017,78.31
04/03/2017,82.96
04/04/2017,79.67
04/05/2017,86.59
04/06/2017,83.91
04/07/2017,89.39
04/10/2017,97.9
04/11/2017,103.74
04/12/2017,111.53
04/13/2017,115.54
04/17/2017,101.49
04/18/2017,99.52
04/19/2017,97.89
04/20/2017,94.53
04/21/2017,95.41
04/24/2017,78.17
04/25/2017,75.64
04/26/2017,76.64
04/27/2017,76.66
04/28/2017,77.09
05/01/2017,78.33
05/02/2017,79.33
05/03/2017,78.77
05/04/2017,78
05/05/2017,80.65
05/08/2017,81.38
05/09/2017,83.63
05/10/2017,87.49
05/11/2017,86.51
05/12/2017,82.5
05/15/2017,79.53
05/16/2017,76.76
05/17/2017,111.48
05/18/2017,104.12
05/19/2017,87.21
05/22/2017,83.47
05/23/2017,84.19
05/24/2017,81.91
05/25/2017,82.2
05/26/2017,81.81
05/30/2017,84.3
05/31/2017,84.52
06/01/2017,83.83
06/02/2017,83.62
06/05/2017,86.08
06/06/2017,89.15
06/07/2017,88.22
06/08/2017,83.28
06/09/2017,87.41
06/12/2017,91.21
06/13/2017,86.66
06/14/2017,89.97
06/15/2017,89.95
06/16/2017,87
06/19/2017,85.27
06/20/2017,89.19
06/21/2017,88.07
06/22/2017,86.38
06/23/2017,84.52
06/26/2017,81.94
06/27/2017,87.3
06/28/2017,84.24
06/29/2017,93.78
06/30/2017,90.43
07/03/2017,93.31
07/05/2017,91.98
07/06/2017,100.21
07/07/2017,92.5
07/10/2017,89.69
07/11/2017,88.23
07/12/2017,88.19
07/13/2017,85.68
07/14/2017,82.2
07/17/2017,80.27
07/18/2017,79.14
07/19/2017,77.96
07/20/2017,76.26
07/21/2017,77.86
07/24/2017,78.24
07/25/2017,79.17
07/26/2017,82.34
07/27/2017,86.87
07/28/2017,87.2
07/31/2017,86.76
08/01/2017,84.55
08/02/2017,86.89
08/03/2017,87.66
08/04/2017,87.39
08/07/2017,90.01
08/08/2017,98.68
08/09/2017,106.77
08/10/2017,135.32
08/11/2017,127.43
08/14/2017,100.6
08/15/2017,96.71
08/16/2017,94.82
08/17/2017,117.77
08/18/2017,114.39
08/21/2017,101.39
08/22/2017,92.7
08/23/2017,98.96
08/24/2017,100.26
08/25/2017,95.53
08/28/2017,96.42
08/29/2017,98.79
08/30/2017,98.9
08/31/2017,94.86
09/01/2017,93.6
09/05/2017,102.66
09/06/2017,99.61
09/07/2017,96.29
09/08/2017,100.12
09/11/2017,93.66
09/12/2017,92.39
09/13/2017,90.89
09/14/2017,92.09
09/15/2017,90.63
09/18/2017,90.46
09/19/2017,91.22
09/20/2017,90.91
09/21/2017,92.32
09/22/2017,93.29
09/25/2017,96.4
09/26/2017,94.81
09/27/2017,95.36
09/28/2017,94.1
09/29/2017,93.14
10/02/2017,92.48
10/03/2017,91.59
10/04/2017,92.12
10/05/2017,91.79
10/06/2017,97.09
10/09/2017,101.83
10/10/2017,97.33
10/11/2017,99.22
10/12/2017,97.77
10/13/2017,97.8
10/16/2017,97.65
10/17/2017,98.74
10/18/2017,94.34
10/19/2017,93.33
10/20/2017,90.53
10/23/2017,97.09
10/24/2017,98.43
10/25/2017,100.16
10/26/2017,97.73
10/27/2017,92.78
10/30/2017,95.19
10/31/2017,92.01
11/01/2017,92
11/02/2017,91.48
11/03/2017,89.68
11/06/2017,91.25
11/07/2017,93.45
11/08/2017,97.74
11/09/2017,98.82
11/10/2017,104.76
11/13/2017,106.3
11/14/2017,103.18
11/15/2017,106.27
11/16/2017,100.15
11/17/2017,97.12
11/20/2017,93.76
11/21/2017,89.27
11/22/2017,86.42
11/24/2017,86.32
11/27/2017,86.58
11/28/2017,85.73
11/29/2017,89.57
11/30/2017,89.94
12/01/2017,95.03
12/04/2017,97.57
12/05/2017,97.95
12/06/2017,98.17
12/07/2017,95.83
12/08/2017,91.89
12/11/2017,92.06
12/12/2017,93.27
12/13/2017,95.56
12/14/2017,96.07
12/15/2017,92.2
12/18/2017,90.64
12/19/2017,93.58
12/20/2017,92.86
12/21/2017,92.21
12/22/2017,94.9
12/26/2017,97.56
12/27/2017,97.08
12/28/2017,97.25
12/29/2017,100.76
01/02/2018,97.36
01/03/2018,94.4
01/04/2018,94.21
01/05/2018,93.1
01/08/2018,93.97
01/09/2018,94.74
01/10/2018,93.7
01/11/2018,92.24
01/12/2018,92.22
01/16/2018,106.49
01/17/2018,102.46
01/18/2018,103.68
01/19/2018,101.59
01/22/2018,99.68
01/23/2018,98.59
01/24/2018,99.77
01/25/2018,101.78
01/26/2018,98.65
01/29/2018,110.01
01/30/2018,113.48
01/31/2018,108.41
02/01/2018,105.77
02/02/2018,125.51
02/05/2018,177.34
02/06/2018,161.12
02/07/2018,159.03
02/08/2018,180.61
02/09/2018,167.28
02/12/2018,140.8
02/13/2018,136.58
02/14/2018,124.49
02/15/2018,122.76
02/16/2018,121.2
02/20/2018,122.58
02/21/2018,125.73
02/22/2018,116.98
02/23/2018,110.19
02/26/2018,107.68
02/27/2018,119.5
02/28/2018,121.7
03/01/2018,128.14
03/02/2018,114.78
03/05/2018,109.66
03/06/2018,104.61
03/07/2018,99.49
03/08/2018,96.92
03/09/2018,99.71
03/12/2018,104.94
03/13/2018,107.04
03/14/2018,110.29
03/15/2018,109.28
03/16/2018,106.49
03/19/2018,112.92
03/20/2018,107.13
03/21/2018,106.6
03/22/2018,125.12
03/23/2018,129.82
03/26/2018,113.08
03/27/2018,118.61
03/28/2018,114.02
03/29/2018,103.32
04/02/2018,111.67
04/03/2018,102.06
04/04/2018,95.44
04/05/2018,92.21
04/06/2018,98.6
04/09/2018,100.24
04/10/2018,98.21
04/11/2018,100.02
04/12/2018,98.08
04/13/2018,93.94
04/16/2018,93.22
04/17/2018,89.59
04/18/2018,92.41
04/19/2018,95.38
04/20/2018,99.21
04/23/2018,96.87
04/24/2018,100.81
04/25/2018,97.8
04/26/2018,90.71
04/27/2018,92.15
04/30/2018,94.3
05/01/2018,89.97
05/02/2018,93.79
05/03/2018,91.07
05/04/2018,88.12
05/07/2018,90.71
05/08/2018,89.5
05/09/2018,93.89
05/10/2018,93.02
05/11/2018,90.03
05/14/2018,92.62
05/15/2018,99.18
05/16/2018,94.79
05/17/2018,93.48
05/18/2018,94.76
05/21/2018,91.04
05/22/2018,90.47
05/23/2018,89.8
05/24/2018,90.64
05/25/2018,93.78
05/29/2018,108.67
05/30/2018,99.08
05/31/2018,100.63
06/01/2018,93.3
06/04/2018,90.83
06/05/2018,89.84
06/06/2018,88.12
06/07/2018,91.28
06/08/2018,93.49
06/11/2018,94.54
06/12/2018,95.71
06/13/2018,100.01
06/14/2018,98.21
06/15/2018,101.66
06/18/2018,99.87
06/19/2018,104.13
06/20/2018,98.51
06/21/2018,107.45
06/22/2018,102.49
06/25/2018,114.32
06/26/2018,107.52
06/27/2018,112.75
06/28/2018,108.88
06/29/2018,105.97
07/02/2018,104.8
07/03/2018,108.5
07/05/2018,103.22
07/06/2018,95.74
07/09/2018,94.16
07/10/2018,91.96
07/11/2018,104.5
07/12/2018,100.82
07/13/2018,99.81
07/16/2018,100.95
07/17/2018,98.56
07/18/2018,98.08
07/19/2018,100.58
07/20/2018,102.76
07/23/2018,102.04
07/24/2018,98.68
07/25/2018,94.2
07/26/2018,91.66
07/27/2018,97.15
07/30/2018,101.41
07/31/2018,94.13
08/01/2018,95.28
08/02/2018,91.66
08/03/2018,86.6
08/06/2018,84.66
08/07/2018,83.21
08/08/2018,84.42
08/09/2018,88.69
08/10/2018,99.07
08/13/2018,107.78
08/14/2018,100.34
08/15/2018,111.13
08/16/2018,103.49
08/17/2018,101.81
08/20/2018,100.77
08/21/2018,101.56
08/22/2018,95.72
08/23/2018,95.92
08/24/2018,93.95
08/27/2018,93.39
08/28/2018,92.31
08/29/2018,91.1
08/30/2018,95.11
08/31/2018,92.73
09/04/2018,95.23
09/05/2018,97.94
09/06/2018,101.36
09/07/2018,102.38
09/10/2018,100.38
09/11/2018,96.44
09/12/2018,97.24
09/13/2018,91.06
09/14/2018,88.07
09/17/2018,96.34
09/18/2018,92.49
09/19/2018,88.18
09/20/2018,87.31
09/21/2018,90.2
09/24/2018,91.51
09/25/2018,91.07
09/26/2018,91.56
09/27/2018,87.66
09/28/2018,87.31
10/01/2018,86.97
10/02/2018,88.12
10/03/2018,85.8
10/04/2018,99.44
10/05/2018,102.63
10/08/2018,102.74
10/09/2018,103.92
10/10/2018,135.61
10/11/2018,129.3
10/12/2018,124.81
10/15/2018,118.78
10/16/2018,111.78
10/17/2018,109.28
10/18/2018,116.82
10/19/2018,114.95
10/22/2018,112.15
10/23/2018,108.71
10/24/2018,118.58
10/25/2018,113.91
10/26/2018,110.49
10/29/2018,110.39
10/30/2018,106.08
10/31/2018,102.9
11/01/2018,99.57
11/02/2018,102.38
11/05/2018,101.83
11/06/2018,102.48
11/07/2018,95.75
11/08/2018,95.4
11/09/2018,100.55
11/12/2018,107.77
11/13/2018,105.32
11/14/2018,111.42
11/15/2018,107.38
11/16/2018,101.93
11/19/2018,107.13
11/20/2018,107.61
11/21/2018,100.27
11/23/2018,99.29
11/26/2018,92.17
11/27/2018,91.54
11/28/2018,93.55
11/29/2018,93.36
11/30/2018,93.59
12/03/2018,85.87
12/04/2018,96.57
12/06/2018,93.85
12/07/2018,96.49
12/10/2018,91.78
12/11/2018,89.77
12/12/2018,91.41
12/13/2018,93
12/14/2018,96.45
12/17/2018,101.55
12/18/2018,103.64
12/19/2018,105.05
12/20/2018,109.65
12/21/2018,106.61
12/24/2018,111.88
12/26/2018,97.32
12/27/2018,95.89
12/28/2018,91.24
12/31/2018,87.11
01/02/2019,81.66
01/03/2019,83.8
01/04/2019,84.44
01/07/2019,82.74
01/08/2019,82.41
01/09/2019,86.62
01/10/2019,86.35
01/11/2019,83.85
01/14/2019,83.01
01/15/2019,81.39
01/16/2019,83.34
01/17/2019,82.79
01/18/2019,82.49
01/22/2019,93.81
01/23/2019,88.45
01/24/2019,84.89
01/25/2019,83.38
01/28/2019,86.44
01/29/2019,86.84
01/30/2019,82.39
01/31/2019,79.24
02/01/2019,80
02/04/2019,77.36
02/05/2019,80.62
02/06/2019,84.99
02/07/2019,85.01
02/08/2019,82.7
02/11/2019,82.77
02/12/2019,81.63
02/13/2019,80.27
02/14/2019,81.64
02/15/2019,80.45
02/19/2019,78.64
02/20/2019,75.59
02/21/2019,76.64
02/22/2019,74.98
02/25/2019,79.35
02/26/2019,80.53
02/27/2019,80.37
02/28/2019,80
03/01/2019,79.27
03/04/2019,82.34
03/05/2019,82.46
03/06/2019,86.1
03/07/2019,88.7
03/08/2019,87.24
03/11/2019,81.23
03/12/2019,83.06
03/13/2019,82.76
03/14/2019,82.56
03/15/2019,82.94
03/18/2019,85.52
03/19/2019,87.36
03/20/2019,86.63
03/21/2019,83.89
03/22/2019,98.5
03/25/2019,97.2
03/26/2019,89.85
03/27/2019,91.34
03/28/2019,87.95
03/29/2019,85.82
04/01/2019,84.93
04/02/2019,83.28
04/03/2019,84.23
04/04/2019,82.15
04/05/2019,79.1
04/08/2019,81.86
04/09/2019,88.14
04/10/2019,89.49
04/11/2019,88.06
04/12/2019,84.98
04/15/2019,84.17
04/16/2019,83.58
04/17/2019,85.55
04/18/2019,84.41
04/22/2019,83.27
04/23/2019,81.43
04/24/2019,85.17
04/25/2019,86.94
04/26/2019,84.12
04/29/2019,86.08
04/30/2019,88.56
05/01/2019,95.75
05/02/2019,93.02
05/03/2019,86.23
05/06/2019,94.85
05/07/2019,111.54
05/08/2019,106.48
05/09/2019,102.92
05/10/2019,96.01
05/13/2019,105.6
05/14/2019,97.26
05/15/2019,94.53
05/16/2019,94.23
05/17/2019,99.12
05/20/2019,96.83
05/21/2019,92.38
05/22/2019,89.3
05/23/2019,94.98
05/24/2019,90.19
05/28/2019,95.08
05/29/2019,93.83
05/30/2019,92.78
05/31/2019,96.72
06/03/2019,96.03
06/04/2019,88.93
06/05/2019,86.72
06/06/2019,84.84
06/07/2019,86
06/10/2019,83.86
06/11/2019,84.95
06/12/2019,86.2
06/13/2019,84.73
06/14/2019,82.57
06/17/2019,83.48
06/18/2019,87.37
06/19/2019,84.58
06/20/2019,81.21
06/21/2019,83.14
06/24/2019,82.59
06/25/2019,85.16
06/26/2019,85.39
06/27/2019,86.52
06/28/2019,85.78
07/01/2019,79.58
07/02/2019,78.22
07/03/2019,80.04
07/05/2019,79.78
07/08/2019,83.66
07/09/2019,82.31
07/10/2019,85.97
07/11/2019,88.2
07/12/2019,86.14
07/15/2019,86.2
07/16/2019,88.25
07/17/2019,90.35
07/18/2019,84.04
07/19/2019,86.77
07/22/2019,81.22
07/23/2019,78.99
07/24/2019,83.89
07/25/2019,84.3
07/26/2019,83.11
07/29/2019,88.16
07/30/2019,91.58
07/31/2019,96.28
08/01/2019,105.47
08/02/2019,102.69
08/05/2019,114.4
08/06/2019,107.45
08/07/2019,104.27
08/08/2019,98.66
08/09/2019,101.52
08/12/2019,110.31
08/13/2019,102.21
08/14/2019,113.99
08/15/2019,112.26
08/16/2019,110.32
08/19/2019,101.22
08/20/2019,104.77
08/21/2019,98.03
08/22/2019,100.94
08/23/2019,111.37
08/26/2019,106.27
08/27/2019,106.49
08/28/2019,103.95
08/29/2019,99.8
08/30/2019,102.66
09/03/2019,102.19
09/04/2019,97.3
09/05/2019,95.51
09/06/2019,94.4
09/09/2019,94.5
09/10/2019,94.12
09/11/2019,97.79
09/12/2019,95.94
09/13/2019,98.93
09/16/2019,101.73
09/17/2019,101.67
09/18/2019,99.09
09/19/2019,97.3
09/20/2019,101.03
09/23/2019,97.6
09/24/2019,104.96
09/25/2019,99.68
09/26/2019,100.31
09/27/2019,103.2
09/30/2019,97.62
10/01/2019,102.74
10/02/2019,103.81
10/03/2019,98.2
10/04/2019,95.19
10/07/2019,97.04
10/08/2019,102.27
10/09/2019,101.25
10/10/2019,99.66
10/11/2019,97.7
10/14/2019,94.43
10/15/2019,93.98
10/16/2019,93.16
10/17/2019,90.27
10/18/2019,91.2
10/21/2019,87.29
10/22/2019,89.32
10/23/2019,87.59
10/24/2019,86.55
10/25/2019,83.82
10/28/2019,86.48
10/29/2019,87.75
10/30/2019,86.47
10/31/2019,88.92
11/01/2019,85.69
11/04/2019,88.75
11/05/2019,90.98
11/06/2019,89.59
11/07/2019,90.15
11/08/2019,89.06
11/11/2019,89.56
11/12/2019,90.35
11/13/2019,93.5
11/14/2019,93.45
11/15/2019,93.35
11/18/2019,93.99
11/19/2019,95.95
11/20/2019,95.36
11/21/2019,96.09
11/22/2019,94.4
11/25/2019,90.24
11/26/2019,89.88
11/27/2019,90.2
11/29/2019,91.05
12/02/2019,98.91
12/03/2019,102.65
12/04/2019,98.72
12/05/2019,98.12
12/06/2019,96.52
12/09/2019,101.89
12/10/2019,101.03
12/11/2019,104.82
12/12/2019,101.3
12/13/2019,96.61
12/16/2019,94.21
12/17/2019,98.56
12/18/2019,99.2
12/19/2019,97.25
12/20/2019,99.29
12/23/2019,99.82
12/24/2019,98.83
12/26/2019,97.46
12/27/2019,99.63
12/30/2019,100.02
12/31/2019,94.1
01/02/2020,89.67
01/03/2020,93.79
01/06/2020,92.66
01/07/2020,91.07
01/08/2020,90.21
01/09/2020,87.81
01/10/2020,88.33
01/13/2020,88.48
01/14/2020,86.87
01/15/2020,91.15
01/16/2020,90.38
01/17/2020,91.75
01/21/2020,92.98
01/22/2020,91.11
01/23/2020,92.54
01/24/2020,98.43
01/27/2020,107.39
01/28/2020,102.11
01/29/2020,99.07
01/30/2020,96.49
01/31/2020,105.6
02/03/2020,102.95
02/04/2020,96.18
02/05/2020,92.82
02/06/2020,93.61
02/07/2020,96.01
02/10/2020,96.81
02/11/2020,96.96
02/12/2020,96.65
02/13/2020,99.17
02/14/2020,98.17
02/18/2020,101.02
02/19/2020,95.92
02/20/2020,99.48
02/21/2020,104.86
02/24/2020,112.72
02/25/2020,121.01
02/26/2020,113.44
02/27/2020,118
02/28/2020,125.73
03/02/2020,114.69
03/03/2020,116.72
03/04/2020,113.97
03/05/2020,119.66
03/06/2020,127.16
03/09/2020,137.19
03/10/2020,138.82
03/11/2020,146.93
03/12/2020,155.05
03/13/2020,171.28
03/16/2020,207.59
03/17/2020,194.43
03/18/2020,181.33
03/19/2020,181.76
03/20/2020,187.18
03/23/2020,167.93
03/24/2020,171.91
03/25/2020,171.89
03/26/2020,169.58
03/27/2020,168.71
03/30/2020,157.66
03/31/2020,152.92
04/01/2020,156.99
04/02/2020,147.33
04/03/2020,143.52
04/06/2020,143.3
04/07/2020,134.45
04/08/2020,141.37
04/09/2020,137.75
04/13/2020,138.68
04/14/2020,131.78
04/15/2020,135.93
04/16/2020,129.55
04/17/2020,127.15
04/20/2020,132.04
04/21/2020,132.22
04/22/2020,124.1
04/23/2020,121.86
04/24/2020,119.88
04/27/2020,120.56
04/28/2020,117.79
04/29/2020,115.98
04/30/2020,118.53
05/01/2020,122.15
05/04/2020,121.25
05/05/2020,118.87
05/06/2020,119.16
05/07/2020,115.83
05/08/2020,115.65
05/11/2020,118.71
05/12/2020,130.75
05/13/2020,142.75
05/14/2020,137.05
05/15/2020,133.02
05/18/2020,125.9
05/19/2020,125.6
05/20/2020,120.04
05/21/2020,122.08
05/22/2020,118.38
05/26/2020,113.59
05/27/2020,109.82
05/28/2020,108.99
05/29/2020,105.6
06/01/2020,106.47
06/02/2020,104.83
06/03/2020,106.85
06/04/2020,109.88
06/05/2020,107.59
06/08/2020,110.05
06/09/2020,111
06/10/2020,116.53
06/11/2020,146.84
06/12/2020,151.6
06/15/2020,141.83
06/16/2020,143.24
06/17/2020,139.94
06/18/2020,135.29
06/19/2020,138.35
06/22/2020,133.98
06/23/2020,130.73
06/24/2020,136.89
06/25/2020,127.2
06/26/2020,128.63
06/29/2020,121.32
06/30/2020,120.76
07/01/2020,120.83
07/02/2020,115.47
07/06/2020,116.57
07/07/2020,118.12
07/08/2020,113.34
07/09/2020,115.11
07/10/2020,109.71
07/13/2020,123.3
07/14/2020,112.75
07/15/2020,113.71
07/16/2020,115.62
07/17/2020,117.97
07/20/2020,112.51
07/21/2020,115.46
07/22/2020,112.84
07/23/2020,116.7
07/24/2020,117.22
07/27/2020,112.71
07/28/2020,113.88
07/29/2020,110.95
07/30/2020,112.16
07/31/2020,112.04
08/03/2020,111.02
08/04/2020,109
08/05/2020,105.67
08/06/2020,105.84
08/07/2020,108.18
08/10/2020,111.13
08/11/2020,118.34
08/12/2020,115.73
08/13/2020,115.18
08/14/2020,114.35
08/17/2020,110.35
08/18/2020,112.59
08/19/2020,114.72
08/20/2020,112.99
08/21/2020,111.25
08/24/2020,108.25
08/25/2020,103.88
08/26/2020,105.8
08/27/2020,114.74
08/28/2020,111.56
08/31/2020,119.01
09/01/2020,120.1
09/02/2020,122.01
09/03/2020,132.91
09/04/2020,122.14
09/08/2020,123.56
09/09/2020,121.54
09/10/2020,120.58
09/11/2020,113.95
09/14/2020,111.27
09/15/2020,108.97
09/16/2020,103.48
09/17/2020,100.37
09/18/2020,101.19
09/21/2020,108.74
09/22/2020,104.69
09/23/2020,107.35
09/24/2020,102.26
09/25/2020,99.64
09/28/2020,101.85
09/29/2020,96.93
09/30/2020,101.58
10/01/2020,101
10/02/2020,102.72
10/05/2020,103.22
10/06/2020,106.14
10/07/2020,104.19
10/08/2020,104.8
10/09/2020,109.22
10/12/2020,109.68
10/13/2020,110.97
10/14/2020,116.93
10/15/2020,117.59
10/16/2020,115.92
10/19/2020,119.76
10/20/2020,119.59
10/21/2020,117.47
10/22/2020,118.6
10/23/2020,118.94
10/26/2020,133.08
10/27/2020,135.32
10/28/2020,152.01
10/29/2020,147.84
10/30/2020,145.24
11/02/2020,142.65
11/03/2020,136.28
11/04/2020,122.12
11/05/2020,117.68
11/06/2020,112.92
11/09/2020,116.78
11/10/2020,116.05
11/11/2020,118.32
11/12/2020,121.57
11/13/2020,114.39
11/16/2020,115
11/17/2020,116.25
11/18/2020,117.9
11/19/2020,114.15
11/20/2020,113.99
11/23/2020,109.85
11/24/2020,104.56
11/25/2020,103.46
11/27/2020,106.12
11/30/2020,106.12
12/01/2020,108.43
12/02/2020,107.52
12/03/2020,107.89
12/04/2020,103.72
12/07/2020,104.42
12/08/2020,102.82
12/09/2020,113.93
12/10/2020,114.66
12/11/2020,120.77
12/14/2020,127.68
12/15/2020,119.11
12/16/2020,111.85
12/17/2020,110.21
12/18/2020,110.3
12/21/2020,121.61
12/22/2020,120.57
12/23/2020,118.31
12/24/2020,115.26
12/28/2020,114.4
12/29/2020,116.27
12/30/2020,112.04
12/31/2020,111.86
01/04/2021,124.65
01/05/2021,120.07
01/06/2021,119.9
01/07/2021,109.38
01/08/2021,111
01/11/2021,118.8
01/12/2021,115.79
01/13/2021,117.76
01/14/2021,122.78
01/15/2021,124.25
01/19/2021,120.71
01/20/2021,114.17
01/21/2021,112.59
01/22/2021,111.79
01/25/2021,116.63
01/26/2021,115.31
01/27/2021,157.69
01/28/2021,133.22
01/29/2021,137.33
02/01/2021,129.44
02/02/2021,119.1
02/03/2021,111.03
02/04/2021,108.47
02/05/2021,107.64
02/08/2021,106.61
02/09/2021,108.14
02/10/2021,114.93
02/11/2021,116.22
02/12/2021,118.59
02/16/2021,124.66
02/17/2021,122.83
02/18/2021,121.05
02/19/2021,117.45
02/22/2021,117.06
02/23/2021,112.78
02/24/2021,109.6
02/25/2021,127.83
02/26/2021,124.96
03/01/2021,114.94
03/02/2021,114.92
03/03/2021,121.23
03/04/2021,124.62
03/05/2021,116.21
03/08/2021,114.62
03/09/2021,108.71
03/10/2021,114.68
03/11/2021,112.87
03/12/2021,111.73
03/15/2021,110.49
03/16/2021,113.73
03/17/2021,109.9
03/18/2021,117.8
03/19/2021,115.95
03/22/2021,108.63
03/23/2021,111.69
03/24/2021,110.67
03/25/2021,104.75
03/26/2021,103.26
03/29/2021,105.84
03/30/2021,101.9
03/31/2021,100.04
04/01/2021,98.97
04/05/2021,99.24
04/06/2021,99.06
04/07/2021,97.09
04/08/2021,100.72
04/09/2021,102.06
04/12/2021,102.08
04/13/2021,100.44
04/14/2021,107.47
04/15/2021,108.66
04/16/2021,107.8
04/19/2021,111.9
04/20/2021,116.37
04/21/2021,112.9
04/22/2021,116.05
04/23/2021,108.36
04/26/2021,104.01
04/27/2021,103.39
04/28/2021,104.78
04/29/2021,105.46
04/30/2021,109.22
05/03/2021,108.32
05/04/2021,111.22
05/05/2021,109.51
05/06/2021,108.39
05/07/2021,107.03
05/10/2021,114.1
05/11/2021,122.47
05/12/2021,146.28
05/13/2021,130.01
05/14/2021,117.56
05/17/2021,120.7
05/18/2021,123.93
05/19/2021,130.17
05/20/2021,126.34
05/21/2021,124.22
05/24/2021,116.12
05/25/2021,113.55
05/26/2021,106.29
05/27/2021,103.88
05/28/2021,105.41
06/01/2021,113.04
06/02/2021,112.57
06/03/2021,114.31
06/04/2021,108.16
06/07/2021,108.03
06/08/2021,109.62
06/09/2021,120.97
06/10/2021,116.76
06/11/2021,116.12
06/14/2021,119.8
06/15/2021,122.9
06/16/2021,121.57
06/17/2021,120.63
06/18/2021,128.83
06/21/2021,121.25
06/22/2021,114.01
06/23/2021,110.48
06/24/2021,107.87
06/25/2021,105.91
06/28/2021,106.32
06/29/2021,107.01
06/30/2021,106.73
07/01/2021,108.72
07/02/2021,106.11
07/06/2021,112.24
07/07/2021,112.7
07/08/2021,120.03
07/09/2021,112.62
07/12/2021,111.59
07/13/2021,116.4
07/14/2021,117.66
07/15/2021,121.03
07/16/2021,128.89
07/19/2021,139.54
07/20/2021,131.3
07/21/2021,122.53
07/22/2021,118.82
07/23/2021,114.92
07/26/2021,114.86
07/27/2021,121.11
07/28/2021,117.08
07/29/2021,114.04
07/30/2021,116.18
08/02/2021,122.85
08/03/2021,117.55
08/04/2021,116.21
08/05/2021,113.35
08/06/2021,112
08/09/2021,115.09
08/10/2021,114.15
08/11/2021,118.05
08/12/2021,117.72
08/13/2021,117.81
08/16/2021,117.69
08/17/2021,120.53
08/18/2021,128.41
08/19/2021,130.41
08/20/2021,120.51
08/23/2021,113.33
08/24/2021,111.09
08/25/2021,108.84
08/26/2021,116.6
08/27/2021,109.62
08/30/2021,107.9
08/31/2021,105.81
09/01/2021,105.2
09/02/2021,105.7
09/03/2021,105.48
09/07/2021,111.01
09/08/2021,115.06
09/09/2021,117.03
09/10/2021,124.98
09/13/2021,118.01
09/14/2021,120.37
09/15/2021,112.48
09/16/2021,112.11
09/17/2021,118.9
09/20/2021,138.93
09/21/2021,130.76
09/22/2021,117.62
09/23/2021,108.31
09/24/2021,103.07
09/27/2021,107.73
09/28/2021,121.06
09/29/2021,119.04
09/30/2021,118.01
10/01/2021,113.14
10/04/2021,117.17
10/05/2021,110.75
10/06/2021,110.92
10/07/2021,107.43
10/08/2021,107.27
10/11/2021,110.29
10/12/2021,109.12
10/13/2021,108.72
10/14/2021,107.97
10/15/2021,106.76
10/18/2021,104.37
10/19/2021,103.06
10/20/2021,101.84
10/21/2021,102.14
10/22/2021,106.08
10/25/2021,102.36
10/26/2021,103.25
10/27/2021,109.61
10/28/2021,106.28
10/29/2021,105.17
11/01/2021,106.66
11/02/2021,105.44
11/03/2021,102.25
11/04/2021,104.46
11/05/2021,110.21
11/08/2021,111.49
11/09/2021,110.55
11/10/2021,117.19
11/11/2021,114.66
11/12/2021,112.11
11/15/2021,110.66
11/16/2021,109.58
11/17/2021,111.53
11/18/2021,112.15
11/19/2021,113.74
11/22/2021,118.62
11/23/2021,115.03
11/24/2021,110.48
11/26/2021,149.74
11/29/2021,131.24
11/30/2021,142.55
12/01/2021,155.02
12/02/2021,147.31
12/03/2021,156.1
12/06/2021,138.88
12/07/2021,117.92
12/08/2021,114.29
12/09/2021,121.79
12/10/2021,113.85
12/13/2021,121.07
12/14/2021,126.57
12/15/2021,118.61
12/16/2021,128.97
12/17/2021,136.06
12/20/2021,138.67
12/21/2021,131.41
12/22/2021,122.7
12/23/2021,120.46
12/27/2021,115.92
12/28/2021,114.83
12/29/2021,109.5
12/30/2021,110.84
12/31/2021,109.67
01/03/2022,108.45
01/04/2022,109.31
01/05/2022,119.31
01/06/2022,117.82
01/07/2022,113.86
01/10/2022,113.02
01/11/2022,111.61
01/12/2022,113.94
01/13/2022,123.44
01/14/2022,117.57
01/18/2022,127.95
01/19/2022,129.85
01/20/2022,135.6
01/21/2022,149.5
01/24/2022,154.38
01/25/2022,150.8
01/26/2022,148.55
01/27/2022,141.14
01/28/2022,132.44
01/31/2022,125.06
02/01/2022,117.99
02/02/2022,119.61
02/03/2022,125.11
02/04/2022,124.89
02/07/2022,124.13
02/08/2022,118.86
02/09/2022,119.32
02/10/2022,129.1
02/11/2022,141.17
02/14/2022,140.59
02/15/2022,129.05
02/16/2022,122.58
02/17/2022,134.49
02/18/2022,133.64
02/22/2022,130.69
02/23/2022,131.24
02/24/2022,128.5
02/25/2022,117.76
02/28/2022,123.64
03/01/2022,132.8
03/02/2022,124.92
03/03/2022,122.36
03/04/2022,127.85
03/07/2022,133.66
03/08/2022,139.71
03/09/2022,130.86
03/10/2022,125.47
03/11/2022,125.58
03/14/2022,126.26
03/15/2022,122.18
03/16/2022,115.1
03/17/2022,109.25
03/18/2022,106.74
03/21/2022,108.96
03/22/2022,108.22
03/23/2022,108.77
03/24/2022,106.05
03/25/2022,109.21
03/28/2022,108.29
03/29/2022,104.35
03/30/2022,107.41
03/31/2022,111.45
04/01/2022,112.22
04/04/2022,107.11
04/05/2022,116.27
04/06/2022,114.84
04/07/2022,113.33
04/08/2022,112.14
04/11/2022,117.35
04/12/2022,117.26
04/13/2022,113.76
04/14/2022,114.75
04/18/2022,110.9
04/19/2022,106.06
04/20/2022,103.03
04/21/2022,110.93
04/22/2022,122.37
04/25/2022,116.98
04/26/2022,127.5
04/27/2022,123.71
04/28/2022,119.75
04/29/2022,121.98
05/02/2022,124.48
05/03/2022,117.55
05/04/2022,106.62
05/05/2022,119.18
05/06/2022,116.78
05/09/2022,125.93
05/10/2022,120.98
05/11/2022,125.89
05/12/2022,122.11
05/13/2022,113.89
05/16/2022,108.26
05/17/2022,101.2
05/18/2022,114.96
05/19/2022,104.89
05/20/2022,107.8
05/23/2022,102.68
05/24/2022,104.29
05/25/2022,98.79
05/26/2022,96.25
05/27/2022,93.66
05/31/2022,93.1
06/01/2022,91.39
06/02/2022,91.08
06/03/2022,90.5
06/06/2022,89.53
06/07/2022,87.82
06/08/2022,92.68
06/09/2022,98.82
06/10/2022,99.75
06/13/2022,113.72
06/14/2022,111.01
06/15/2022,105.37
06/16/2022,114.36
06/17/2022,110.06
06/21/2022,104.37
06/22/2022,99.66
06/23/2022,98.31
06/24/2022,91.34
06/27/2022,87.58
06/28/2022,90.62
06/29/2022,88.92
06/30/2022,89.39
07/01/2022,85.51
07/05/2022,87.3
07/06/2022,85.88
07/07/2022,85.88
07/08/2022,84.74
07/11/2022,88.05
07/12/2022,90.06
07/13/2022,90.49
07/14/2022,90.73
07/15/2022,89.37
07/18/2022,91.86
07/19/2022,88.61
07/20/2022,86.75
07/21/2022,85.04
07/22/2022,84.53
07/25/2022,83.82
07/26/2022,84.83
07/27/2022,81.77
07/28/2022,80.88
07/29/2022,80.29
08/01/2022,86.34
08/02/2022,88.47
08/03/2022,84.6
08/04/2022,83.69
08/05/2022,84.13
08/08/2022,86.95
08/09/2022,87.49
08/10/2022,90.04
08/11/2022,90.84
08/12/2022,91.01
08/15/2022,88.73
08/16/2022,88.05
08/17/2022,87.47
08/18/2022,86.46
08/19/2022,89.77
08/22/2022,94.75
08/23/2022,93.34
08/24/2022,86.45
08/25/2022,83.32
08/26/2022,91.66
08/29/2022,91.57
08/30/2022,91.11
08/31/2022,88.4
09/01/2022,87.74
09/02/2022,89.19
09/06/2022,94.08
09/07/2022,88.26
09/08/2022,85.57
09/09/2022,84.09
09/12/2022,84.53
09/13/2022,93.89
09/14/2022,93.58
09/15/2022,92.61
09/16/2022,92.42
09/19/2022,88.99
09/20/2022,91.12
09/21/2022,92.05
09/22/2022,89.18
09/23/2022,101.55
09/26/2022,109.09
09/27/2022,113.76
09/28/2022,105.83
09/29/2022,108.31
09/30/2022,106.19
10/03/2022,103.03
10/04/2022,96.83
10/05/2022,92.79
10/06/2022,97.73
10/07/2022,103.37
10/10/2022,107.11
10/11/2022,105.26
10/12/2022,109.19
10/13/2022,101.26
10/14/2022,101.94
10/17/2022,97.32
10/18/2022,92.3
10/19/2022,90.69
10/20/2022,88.35
10/21/2022,87.32
10/24/2022,86.06
10/25/2022,82.21
10/26/2022,80.42
10/27/2022,82.51
10/28/2022,78.12
10/31/2022,78.86
11/01/2022,80.24
11/02/2022,80.93
11/03/2022,79.17
11/04/2022,79.24
11/07/2022,79.95
11/08/2022,84.6
11/09/2022,90.11
11/10/2022,85.78
11/11/2022,85.89
11/14/2022,84.57
11/15/2022,88.31
11/16/2022,81.38
11/17/2022,81.16
11/18/2022,77.68
11/21/2022,77.11
11/22/2022,77.81
11/23/2022,81.72
11/25/2022,82.5
11/28/2022,87.33
11/29/2022,85.43
11/30/2022,81.79
12/01/2022,82.19
12/02/2022,81.57
12/05/2022,84.71
12/06/2022,86.59
12/07/2022,87.18
12/08/2022,84.9
12/09/2022,87.26
12/12/2022,91.73
12/13/2022,88.74
12/14/2022,88.35
12/15/2022,92.26
12/16/2022,89.15
12/19/2022,87.54
12/20/2022,83
12/21/2022,77.64
12/22/2022,81.94
12/23/2022,78.84
12/27/2022,78.65
12/28/2022,79.9
12/29/2022,77.28
12/30/2022,77.05
01/03/2023,80.34
01/04/2023,76.65
01/05/2023,75.96
01/06/2023,73.88
01/09/2023,77.27
01/10/2023,76.02
01/11/2023,78.94
01/12/2023,78.79
01/13/2023,80.89
01/17/2023,83.44
01/18/2023,85.33
01/19/2023,85.14
01/20/2023,81.03
01/23/2023,78.34
01/24/2023,79.37
01/25/2023,80.74
01/26/2023,81.6
01/27/2023,83.31
01/30/2023,86.13
01/31/2023,83.9
02/01/2023,81.2
02/02/2023,84.97
02/03/2023,83.49
02/06/2023,85.1
02/07/2023,84.54
02/08/2023,94.83
02/09/2023,97.96
02/10/2023,95.63
02/13/2023,93.95
02/14/2023,89.2
02/15/2023,84.81
02/16/2023,88.25
02/17/2023,87.97
02/21/2023,95.99
02/22/2023,91.24
02/23/2023,85.16
02/24/2023,85.26
02/27/2023,83.21
02/28/2023,80.76
03/01/2023,80.55
03/02/2023,77.34
03/03/2023,75.93
03/06/2023,76.41
03/07/2023,78.54
03/08/2023,74.67
03/09/2023,92.04
03/10/2023,108.62
03/13/2023,114.54
03/14/2023,104.9
03/15/2023,122.75
03/16/2023,110.77
03/17/2023,124.75
03/20/2023,110.16
03/21/2023,101.19
03/22/2023,102.64
03/23/2023,102.92
03/24/2023,99.72
03/27/2023,95.07
03/28/2023,91.41
03/29/2023,87.78
03/30/2023,85.34
03/31/2023,87.53
04/03/2023,84.07
04/04/2023,84.72
04/05/2023,85.92
04/06/2023,84.64
04/10/2023,85.94
04/11/2023,85.92
04/12/2023,87.06
04/13/2023,84.73
04/14/2023,84.01
04/17/2023,83.15
04/18/2023,88.01
04/19/2023,95.04
04/20/2023,98.46
04/21/2023,96.94
04/24/2023,93.96
04/25/2023,94.35
04/26/2023,90.65
04/27/2023,85.79
04/28/2023,86.9
05/01/2023,88.21
05/02/2023,91.46
05/03/2023,91.54
05/04/2023,98.74
05/05/2023,91.8
05/08/2023,91.98
05/09/2023,92.45
05/10/2023,97.53
05/11/2023,97.32
05/12/2023,100.54
05/15/2023,94.65
05/16/2023,97.63
05/17/2023,92.76
05/18/2023,89.06
05/19/2023,94.77
05/22/2023,97.64
05/23/2023,101.91
05/24/2023,106.52
05/25/2023,103.88
05/26/2023,97.57
05/30/2023,91.91
05/31/2023,91.39
06/01/2023,85.07
06/02/2023,86.16
06/05/2023,85.77
06/06/2023,85.74
06/07/2023,84
06/08/2023,87.63
06/09/2023,89.7
06/12/2023,92.83
06/13/2023,92.1
06/14/2023,91.91
06/15/2023,93.95
06/16/2023,90.69
06/20/2023,96.26
06/21/2023,92.73
06/22/2023,90.64
06/23/2023,92.34
06/26/2023,95.42
06/27/2023,91.33
06/28/2023,85.79
06/29/2023,85.26
06/30/2023,83.11
07/03/2023,84.17
07/05/2023,87.76
07/06/2023,95.3
07/07/2023,94.49
07/10/2023,95.33
07/11/2023,95.21
07/12/2023,95.85
07/13/2023,96.43
07/14/2023,94.89
07/17/2023,95.98
07/18/2023,92.99
07/19/2023,93.57
07/20/2023,94.06
07/21/2023,93.36
07/24/2023,91.74
07/25/2023,90
07/26/2023,85.38
07/27/2023,94.05
07/28/2023,87.38
07/31/2023,86.68
08/01/2023,87.49
08/02/2023,96.2
08/03/2023,94.04
08/04/2023,99.63
08/07/2023,92.99
08/08/2023,94.91
08/09/2023,97.43
08/10/2023,99.78
08/11/2023,96.68
08/14/2023,95.33
08/15/2023,103.28
08/16/2023,104.54
08/17/2023,106.74
08/18/2023,97.28
08/21/2023,95.24
08/22/2023,92.62
08/23/2023,88.99
08/24/2023,92.17
08/25/2023,84.32
08/28/2023,82.23
08/29/2023,79.05
08/30/2023,78.63
08/31/2023,80.8
09/01/2023,82.65
09/05/2023,86.43
09/06/2023,87.85
09/07/2023,87.65
09/08/2023,85.27
09/11/2023,85.19
09/12/2023,85.63
09/13/2023,84.97
09/14/2023,82.48
09/15/2023,84.84
09/18/2023,84.77
09/19/2023,83.54
09/20/2023,88.05
09/21/2023,94.44
09/22/2023,90.54
09/25/2023,91.74
09/26/2023,103.04
09/27/2023,97.09
09/28/2023,93.72
09/29/2023,94.1
10/02/2023,95.39
10/03/2023,104.39
10/04/2023,95.58
10/05/2023,95.59
10/06/2023,91.16
10/09/2023,92.03
10/10/2023,90.1
10/11/2023,90.57
10/12/2023,91.87
10/13/2023,108.1
10/16/2023,95.69
10/17/2023,95.8
10/18/2023,105.89
10/19/2023,116.47
10/20/2023,115.43
10/23/2023,109
10/24/2023,98.54
10/25/2023,102.92
10/26/2023,101.97
10/27/2023,102.04
10/30/2023,95.23
10/31/2023,87.94
11/01/2023,85.08
11/02/2023,83.24
11/03/2023,82.83
11/06/2023,84.33
11/07/2023,83.43
11/08/2023,85.04
11/09/2023,88.74
11/10/2023,85.66
11/13/2023,85.51
11/14/2023,83.77
11/15/2023,84.91
11/16/2023,83.23
11/17/2023,81.83
11/20/2023,81.81
11/21/2023,81.77
11/22/2023,83.38
11/24/2023,83
11/27/2023,85.15
11/28/2023,85.14
11/29/2023,87.79
11/30/2023,86.71
12/01/2023,85.9
12/04/2023,87.76
12/05/2023,85.76
12/06/2023,86.85
12/07/2023,86
12/08/2023,81.11
12/11/2023,82.35
12/12/2023,83.54
12/13/2023,80.83
12/14/2023,80.83
12/15/2023,88.04
12/18/2023,88.67
12/19/2023,88.77
12/20/2023,92.18
12/21/2023,89.85
12/22/2023,88.62
12/26/2023,88.87
12/27/2023,86.22
12/28/2023,86.69
12/29/2023,86.96
01/02/2024,88.09
01/03/2024,89.65
01/04/2024,87.59
01/05/2024,82.87
01/08/2024,81.26
01/09/2024,78.59
01/10/2024,77.09
01/11/2024,75.54
01/12/2024,86.07
01/16/2024,89.59
01/17/2024,91.36
01/18/2024,86.34
01/19/2024,81.95
01/22/2024,79.17
01/23/2024,76.67
01/24/2024,80.94
01/25/2024,81.39
01/26/2024,82.2
01/29/2024,83.4
01/30/2024,82.24
01/31/2024,87.56
02/01/2024,84.83
02/02/2024,83.31
02/05/2024,79.58
02/06/2024,76.97
02/07/2024,80.54
02/08/2024,83.07
02/09/2024,81.94
02/12/2024,84.63
02/13/2024,93.19
02/14/2024,83.17
02/15/2024,82.4
02/16/2024,82.63
02/20/2024,86.1
02/21/2024,84.66
02/22/2024,80.88
02/23/2024,78.86
02/26/2024,80.5
02/27/2024,78.54
02/28/2024,80.36
02/29/2024,77.45
03/01/2024,77.68
03/04/2024,79.41
03/05/2024,83.91
03/06/2024,83.11
03/07/2024,82.13
03/08/2024,86.56
03/11/2024,88.97
03/12/2024,83.76
03/13/2024,86.27
03/14/2024,88.75
03/15/2024,92.17
03/18/2024,86.78
03/19/2024,83.9
03/20/2024,78.87
03/21/2024,77.3
03/22/2024,76.49
03/25/2024,76.6
03/26/2024,76.77
03/27/2024,76
03/28/2024,76.57
04/01/2024,78.45
04/02/2024,82.76
04/03/2024,81.08
04/04/2024,90.04
04/05/2024,90.58
04/08/2024,86.26
04/09/2024,84.45
04/10/2024,91.76
04/11/2024,89.4
04/12/2024,102.72
04/15/2024,109.64
04/16/2024,99.25
04/17/2024,98.76
04/18/2024,95.99
04/19/2024,99.09
04/22/2024,89.54
04/23/2024,82.36
04/24/2024,83.61
04/25/2024,82.54
04/26/2024,79.56
04/29/2024,78.22
04/30/2024,81.82
05/01/2024,81.93
05/02/2024,78.59
05/03/2024,74.57
05/06/2024,73.46
05/07/2024,74.54
05/08/2024,74.5
05/09/2024,73.77
05/10/2024,73.26
05/13/2024,77.55
05/14/2024,77.65
05/15/2024,76.31
05/16/2024,77.74
05/17/2024,78.43
05/20/2024,79.45
05/21/2024,77.62
05/22/2024,79.96
05/23/2024,84.62
05/24/2024,79.09
05/28/2024,81.64
05/29/2024,83.79
05/30/2024,83.44
05/31/2024,78.27
06/03/2024,78.79
06/04/2024,77.65
06/05/2024,75.24
06/06/2024,77.91
06/07/2024,76.65
06/10/2024,78.97
06/11/2024,79.95
06/12/2024,77.6
06/13/2024,78.2
06/14/2024,83.72
06/17/2024,83.34
06/18/2024,80.63
06/20/2024,85.72
06/21/2024,83.31
06/24/2024,84.8
06/25/2024,82.87
06/26/2024,81.45
06/27/2024,79.5
06/28/2024,79.48
07/01/2024,76.05
07/02/2024,77.06
07/03/2024,78.07
07/05/2024,78.8
07/08/2024,78.59
07/09/2024,78.58
07/10/2024,83.41
07/11/2024,84.47
07/12/2024,81.61
07/15/2024,83.86
07/16/2024,82.4
07/17/2024,88.28
07/18/2024,94.71
07/19/2024,97.93
07/22/2024,93.66
07/23/2024,88.51
07/24/2024,106.12
07/25/2024,104.38
07/26/2024,94.61
07/29/2024,93.51
07/30/2024,99.97
07/31/2024,94.25
08/01/2024,111.18
08/02/2024,136.81
08/05/2024,173.32
08/06/2024,150.09
08/07/2024,151.24
08/08/2024,134.34
08/09/2024,114.63
08/12/2024,121.94
08/13/2024,113.89
08/14/2024,107.81
08/15/2024,105.42